,Station,Year,Month,Day,Daily Rainfall Total (mm),Highest 30 Min Rainfall (mm),Highest 60 Min Rainfall (mm),Highest 120 Min Rainfall (mm),Mean Temperature (°C),Maximum Temperature (°C),Minimum Temperature (°C),Mean Wind Speed (km/h),Max Wind Speed (km/h)
0,Jurong (West),2019,4,1,19.8,12.0,15.8,18.0,27.0,30.6,23.8,7.6,42.8
1,Jurong (West),2019,4,2,0.0,0.0,0.0,0.0,27.9,32.5,26.0,5.8,23.0
2,Jurong (West),2019,4,3,15.6,7.4,10.2,12.4,26.8,32.0,22.4,6.1,60.8
3,Jurong (West),2019,4,4,9.6,5.6,9.4,9.4,28.2,34.5,25.6,7.6,27.0
4,Jurong (West),2019,4,5,3.4,2.0,2.2,3.4,27.6,33.3,25.4,6.5,31.3
5,Jurong (West),2019,4,6,0.2,0.2,0.2,0.2,28.2,33.8,24.6,7.6,24.8
6,Jurong (West),2019,4,7,0.0,0.0,0.0,0.0,28.7,34.0,25.1,6.1,22.0
7,Jurong (West),2019,4,8,2.2,2.0,2.2,2.2,28.5,34.4,25.8,6.8,28.4
8,Jurong (West),2019,4,9,13.4,12.2,13.2,13.4,28.1,33.8,25.2,6.5,28.4
9,Jurong (West),2019,4,10,0.2,0.2,0.2,0.2,28.0,32.6,25.4,6.1,26.6
10,Jurong (West),2019,4,11,0.0,0.0,0.0,0.0,27.7,31.0,25.8,5.0,22.7
11,Jurong (West),2019,4,12,0.0,0.0,0.0,0.0,28.5,33.0,26.1,5.8,28.4
12,Jurong (West),2019,4,13,0.0,0.0,0.0,0.0,29.5,33.1,26.2,6.5,25.9
13,Jurong (West),2019,4,14,12.4,6.2,7.8,10.4,27.5,29.8,24.2,5.4,29.2
14,Jurong (West),2019,4,15,0.0,0.0,0.0,0.0,29.2,34.2,25.4,6.1,28.4
15,Jurong (West),2019,4,16,4.8,4.8,4.8,4.8,29.1,35.1,26.1,5.8,39.6
16,Jurong (West),2019,4,17,0.0,0.0,0.0,0.0,29.7,35.1,26.0,5.8,25.2
17,Jurong (West),2019,4,18,0.0,0.0,0.0,0.0,29.6,34.3,27.1,5.4,20.5
18,Jurong (West),2019,4,19,1.6,1.2,1.4,1.6,28.9,34.2,26.0,5.4,26.3
19,Jurong (West),2019,4,20,3.0,2.6,3.0,3.0,27.5,31.4,25.5,5.0,48.2
20,Jurong (West),2019,4,21,0.0,0.0,0.0,0.0,28.6,33.9,25.5,5.8,27.7
21,Jurong (West),2019,4,22,0.2,0.2,0.2,0.2,28.6,31.6,26.4,5.8,28.1
22,Jurong (West),2019,4,23,41.4,23.0,36.2,40.6,26.9,33.3,24.1,6.1,37.8
23,Jurong (West),2019,4,24,0.0,0.0,0.0,0.0,27.9,32.5,25.4,4.7,24.1
24,Jurong (West),2019,4,25,5.0,3.6,4.6,4.6,27.8,31.1,26.6,5.0,32.0
25,Jurong (West),2019,4,26,33.0,12.0,17.2,21.0,25.5,27.5,23.8,5.4,35.6
26,Jurong (West),2019,4,27,8.4,4.8,6.0,6.2,27.2,30.4,24.3,6.1,27.7
27,Jurong (West),2019,4,28,0.0,0.0,0.0,0.0,28.6,32.8,25.2,6.1,31.3
28,Jurong (West),2019,4,29,1.2,1.0,1.0,1.0,28.3,32.9,25.0,6.1,21.6
29,Jurong (West),2019,4,30,0.0,0.0,0.0,0.0,28.0,31.7,25.0,6.1,22.3
0,Jurong (West),2020,4,1,0.0,0.0,0.0,0.0,29.2,34.2,25.9,5.4,27.8
1,Jurong (West),2020,4,2,17.0,9.4,11.4,11.6,28.2,35.0,24.4,5.5,45.4
2,Jurong (West),2020,4,3,38.6,32.6,37.2,38.2,27.5,32.6,23.8,5.5,30.9
3,Jurong (West),2020,4,4,4.0,4.0,4.0,4.0,28.1,32.8,25.7,5.4,24.8
4,Jurong (West),2020,4,5,3.0,2.2,2.4,2.8,27.4,33.6,24.6,5.7,43.5
5,Jurong (West),2020,4,6,4.6,3.8,4.4,4.6,26.9,31.8,24.9,4.9,23.3
6,Jurong (West),2020,4,7,71.8,25.6,39.6,58.4,26.7,31.4,22.9,5.5,35.6
7,Jurong (West),2020,4,8,23.4,22.0,23.4,23.4,27.6,34.6,24.0,6.0,31.3
8,Jurong (West),2020,4,9,0.2,0.2,0.2,0.2,28.6,35.0,25.1,6.8,30.9
9,Jurong (West),2020,4,10,0.0,0.0,0.0,0.0,28.7,32.9,25.0,6.5,25.9
10,Jurong (West),2020,4,11,0.0,0.0,0.0,0.0,28.6,32.8,26.5,6.3,25.2
11,Jurong (West),2020,4,12,0.2,0.2,0.2,0.2,28.4,33.5,26.0,6.3,29.1
12,Jurong (West),2020,4,13,2.6,2.0,2.2,2.2,27.6,32.6,25.0,5.5,25.9
13,Jurong (West),2020,4,14,0.0,0.0,0.0,0.0,29.1,34.2,26.2,6.8,26.7
14,Jurong (West),2020,4,15,0.0,0.0,0.0,0.0,29.3,34.3,26.1,7.3,32.4
15,Jurong (West),2020,4,16,0.0,0.0,0.0,0.0,29.3,33.9,26.0,7.1,24.4
16,Jurong (West),2020,4,17,0.0,0.0,0.0,0.0,29.4,34.8,26.0,6.4,26.3
17,Jurong (West),2020,4,18,6.4,6.4,6.4,6.4,28.9,33.9,25.7,6.6,36.7
18,Jurong (West),2020,4,19,0.0,0.0,0.0,0.0,30.1,35.2,27.1,6.8,26.7
19,Jurong (West),2020,4,20,0.0,0.0,0.0,0.0,30.0,35.1,26.9,7.8,29.8
20,Jurong (West),2020,4,21,12.2,7.4,10.0,12.2,28.4,35.0,24.5,5.2,35.2
21,Jurong (West),2020,4,22,0.2,0.2,0.2,0.2,29.2,34.3,26.6,6.7,29.4
22,Jurong (West),2020,4,23,8.0,6.8,7.4,8.0,27.6,33.8,25.6,4.5,23.7
23,Jurong (West),2020,4,24,67.2,48.6,61.0,64.4,26.8,33.8,23.3,5.2,36.7
24,Jurong (West),2020,4,25,15.8,15.0,15.6,15.6,26.9,32.8,24.5,4.7,30.2
25,Jurong (West),2020,4,26,0.2,0.2,0.2,0.2,26.6,31.4,25.2,4.8,28.9
26,Jurong (West),2020,4,27,7.8,4.0,7.2,7.8,26.6,29.6,24.2,5.9,35.2
27,Jurong (West),2020,4,28,0.0,0.0,0.0,0.0,27.6,31.2,25.0,6.7,23.3
28,Jurong (West),2020,4,29,16.4,15.2,15.2,16.4,28.0,32.7,25.0,6.3,32.4
29,Jurong (West),2020,4,30,26.6,18.2,20.6,20.6,27.2,32.9,24.6,5.2,30.2
0,Jurong (West),2021,4,1,0.0,0.0,0.0,0.0,29.1,32.3,26.7,11.8,41.1
1,Jurong (West),2021,4,2,0.0,0.0,0.0,0.0,29.1,35.1,26.3,6.4,30.2
2,Jurong (West),2021,4,3,96.0,28.2,48.2,62.4,27.3,33.0,23.3,5.4,30.6
3,Jurong (West),2021,4,4,55.0,20.8,41.8,77.8,27.1,32.8,22.5,6.3,28.5
4,Jurong (West),2021,4,5,26.4,19.4,24.6,25.6,26.3,31.8,22.1,5.5,46.1
5,Jurong (West),2021,4,6,8.4,8.0,8.4,8.4,27.1,33.4,23.9,5.6,30.2
6,Jurong (West),2021,4,7,0.4,0.2,0.2,0.2,27.8,34.2,23.6,6.2,41.9
7,Jurong (West),2021,4,8,0.4,0.4,0.4,0.4,27.6,33.7,25.0,5.6,32.0
8,Jurong (West),2021,4,9,0.0,0.0,0.0,0.0,27.4,32.5,23.8,6.1,41.1
9,Jurong (West),2021,4,10,0.0,0.0,0.0,0.0,28.5,33.9,24.7,5.4,27.0
10,Jurong (West),2021,4,11,0.0,0.0,0.0,0.0,28.9,33.6,25.5,6.1,23.7
11,Jurong (West),2021,4,12,14.4,13.0,14.2,14.2,28.5,33.6,22.7,6.6,30.9
12,Jurong (West),2021,4,13,0.2,0.2,0.2,0.2,28.0,32.4,25.8,5.5,24.8
13,Jurong (West),2021,4,14,0.0,0.0,0.0,0.0,28.1,32.7,25.2,6.4,34.6
14,Jurong (West),2021,4,15,0.2,0.2,0.2,0.2,26.7,33.5,24.0,5.2,27.4
15,Jurong (West),2021,4,16,0.4,0.2,0.2,0.2,27.3,30.9,24.4,4.3,20.6
16,Jurong (West),2021,4,17,121.0,48.4,79.6,103.8,25.1,30.2,21.9,5.1,38.5
17,Jurong (West),2021,4,18,0.2,0.2,0.2,0.2,27.0,33.7,23.6,5.4,30.6
18,Jurong (West),2021,4,19,0.0,0.0,0.0,0.0,27.0,29.7,25.3,5.9,28.5
19,Jurong (West),2021,4,20,1.0,1.0,1.0,1.0,28.4,33.0,24.7,6.2,23.3
20,Jurong (West),2021,4,21,21.0,13.6,19.6,20.6,28.4,33.1,25.0,6.3,23.7
21,Jurong (West),2021,4,22,2.2,2.0,2.0,2.0,26.5,29.2,24.3,6.6,24.4
22,Jurong (West),2021,4,23,0.8,0.8,0.8,0.8,27.4,30.7,23.1,7.6,29.8
23,Jurong (West),2021,4,24,8.6,3.0,5.2,7.6,26.0,28.9,23.5,6.4,44.6
24,Jurong (West),2021,4,25,0.0,0.0,0.0,0.0,28.8,33.8,25.0,5.2,21.3
25,Jurong (West),2021,4,26,30.8,15.2,21.4,22.6,26.6,32.8,23.4,4.8,29.4
26,Jurong (West),2021,4,27,2.4,1.6,2.0,2.0,26.8,32.8,24.7,4.9,19.8
27,Jurong (West),2021,4,28,2.2,1.0,1.4,2.2,27.6,31.3,25.0,5.6,25.6
28,Jurong (West),2021,4,29,0.2,0.2,0.2,0.2,27.9,35.1,25.5,5.7,30.9
29,Jurong (West),2021,4,30,8.6,6.4,6.4,6.4,27.0,32.0,25.1,5.3,27.4
0,Jurong (West),2019,8,1,0.0,0.0,0.0,0.0,29.0,31.8,26.4,9.4,36.0
1,Jurong (West),2019,8,2,0.0,0.0,0.0,0.0,29.0,32.0,27.2,11.5,43.6
2,Jurong (West),2019,8,3,0.0,0.0,0.0,0.0,29.1,32.0,27.3,10.8,35.6
3,Jurong (West),2019,8,4,0.0,0.0,0.0,0.0,28.7,31.6,27.2,10.4,36.0
4,Jurong (West),2019,8,5,0.0,0.0,0.0,0.0,28.8,31.1,27.3,11.5,35.6
5,Jurong (West),2019,8,6,0.0,0.0,0.0,0.0,28.6,31.3,27.3,10.8,31.7
6,Jurong (West),2019,8,7,0.0,0.0,0.0,0.0,28.7,31.4,27.0,10.1,31.0
7,Jurong (West),2019,8,8,0.0,0.0,0.0,0.0,28.7,31.5,27.2,10.8,37.8
8,Jurong (West),2019,8,9,0.0,0.0,0.0,0.0,28.8,31.2,27.1,10.8,35.3
9,Jurong (West),2019,8,10,0.0,0.0,0.0,0.0,28.8,31.3,27.4,11.5,32.4
10,Jurong (West),2019,8,11,0.0,0.0,0.0,0.0,29.1,32.7,27.2,10.8,32.8
11,Jurong (West),2019,8,12,0.0,0.0,0.0,0.0,29.2,32.1,27.3,11.9,31.3
12,Jurong (West),2019,8,13,0.0,0.0,0.0,0.0,29.1,32.4,27.3,11.2,33.1
13,Jurong (West),2019,8,14,0.0,0.0,0.0,0.0,29.1,32.1,27.2,10.1,31.7
14,Jurong (West),2019,8,15,0.0,0.0,0.0,0.0,28.6,31.3,25.9,8.3,34.9
15,Jurong (West),2019,8,16,0.0,0.0,0.0,0.0,29.4,32.1,27.4,11.2,37.1
16,Jurong (West),2019,8,17,0.2,0.2,0.2,0.2,28.7,31.1,25.7,10.8,36.0
17,Jurong (West),2019,8,18,0.0,0.0,0.0,0.0,29.0,32.7,27.5,13.0,37.1
18,Jurong (West),2019,8,19,0.0,0.0,0.0,0.0,29.1,32.8,26.8,10.4,32.4
19,Jurong (West),2019,8,20,0.0,0.0,0.0,0.0,29.0,32.4,27.2,13.3,37.4
20,Jurong (West),2019,8,21,0.0,0.0,0.0,0.0,29.3,32.6,27.3,11.9,33.5
21,Jurong (West),2019,8,22,0.0,0.0,0.0,0.0,29.1,32.0,27.4,10.8,37.1
22,Jurong (West),2019,8,23,0.0,0.0,0.0,0.0,29.1,33.7,27.4,13.7,40.7
23,Jurong (West),2019,8,24,0.0,0.0,0.0,0.0,29.0,32.5,26.9,10.8,33.1
24,Jurong (West),2019,8,25,0.0,0.0,0.0,0.0,28.0,31.0,25.7,8.3,38.5
25,Jurong (West),2019,8,26,2.2,1.2,2.0,2.2,27.4,32.8,24.4,6.5,28.4
26,Jurong (West),2019,8,27,11.2,10.8,11.2,11.2,26.6,29.9,23.7,6.5,30.2
27,Jurong (West),2019,8,28,0.0,0.0,0.0,0.0,26.7,28.0,24.8,7.2,32.0
28,Jurong (West),2019,8,29,0.0,0.0,0.0,0.0,28.6,31.3,26.8,10.8,40.0
29,Jurong (West),2019,8,30,9.0,8.4,8.4,8.6,28.0,29.9,24.2,11.5,48.2
30,Jurong (West),2019,8,31,0.0,0.0,0.0,0.0,28.6,32.3,26.9,10.4,34.6
0,Jurong (West),2020,8,1,0.6,0.6,0.6,0.6,28.0,30.5,24.4,7.4,33.5
1,Jurong (West),2020,8,2,0.0,0.0,0.0,0.0,28.7,31.4,26.5,8.3,27.0
2,Jurong (West),2020,8,3,0.0,0.0,0.0,0.0,29.1,32.1,26.5,9.0,23.7
3,Jurong (West),2020,8,4,0.0,0.0,0.0,0.0,27.2,29.3,23.7,8.1,46.9
4,Jurong (West),2020,8,5,0.0,0.0,0.0,0.0,28.7,31.6,26.8,8.6,26.3
5,Jurong (West),2020,8,6,0.0,0.0,0.0,0.0,29.4,32.5,27.7,6.7,25.6
6,Jurong (West),2020,8,7,0.0,0.0,0.0,0.0,29.5,33.5,27.4,8.7,28.2
7,Jurong (West),2020,8,8,0.0,0.0,0.0,0.0,29.7,33.3,27.6,8.8,23.0
8,Jurong (West),2020,8,9,0.0,0.0,0.0,0.0,29.8,34.6,27.9,7.6,25.6
9,Jurong (West),2020,8,10,0.0,0.0,0.0,0.0,29.8,32.9,27.8,9.7,29.8
10,Jurong (West),2020,8,11,0.0,0.0,0.0,0.0,29.7,32.4,28.1,9.0,26.7
11,Jurong (West),2020,8,12,31.8,15.6,28.0,31.0,26.9,29.4,21.6,6.9,46.1
12,Jurong (West),2020,8,13,14.2,5.6,7.2,9.8,28.1,32.0,23.7,7.4,24.4
13,Jurong (West),2020,8,14,54.0,19.8,34.0,46.0,25.5,28.3,22.1,6.8,41.9
14,Jurong (West),2020,8,15,23.4,22.8,23.4,23.4,26.8,31.9,23.4,5.1,25.9
15,Jurong (West),2020,8,16,0.6,0.6,0.6,0.6,27.6,30.2,23.7,6.5,29.4
16,Jurong (West),2020,8,17,55.0,25.0,31.4,33.4,26.6,31.6,22.7,5.6,29.4
17,Jurong (West),2020,8,18,0.0,0.0,0.0,0.0,27.0,29.4,24.9,7.4,44.3
18,Jurong (West),2020,8,19,0.0,0.0,0.0,0.0,27.7,31.4,24.7,5.4,29.1
19,Jurong (West),2020,8,20,1.0,1.0,1.0,1.0,27.7,31.6,24.9,8.5,35.2
20,Jurong (West),2020,8,21,0.0,0.0,0.0,0.0,29.1,32.8,27.3,9.6,28.2
21,Jurong (West),2020,8,22,30.6,19.6,28.6,30.4,27.4,32.8,22.1,7.3,38.9
22,Jurong (West),2020,8,23,20.8,14.0,16.0,19.8,25.0,27.0,22.7,5.0,35.9
23,Jurong (West),2020,8,24,0.0,0.0,0.0,0.0,27.6,32.5,24.1,6.6,28.9
24,Jurong (West),2020,8,25,0.0,0.0,0.0,0.0,27.5,30.5,25.8,6.7,33.2
25,Jurong (West),2020,8,26,0.8,0.8,0.8,0.8,27.0,30.1,25.6,8.8,38.2
26,Jurong (West),2020,8,27,0.0,0.0,0.0,0.0,27.6,29.8,25.2,6.9,28.2
27,Jurong (West),2020,8,28,0.6,0.4,0.4,0.6,28.6,31.4,26.9,8.4,25.9
28,Jurong (West),2020,8,29,7.6,6.4,6.4,6.4,27.2,29.3,25.8,6.9,36.7
29,Jurong (West),2020,8,30,0.0,0.0,0.0,0.0,28.6,32.6,25.8,7.7,35.9
30,Jurong (West),2020,8,31,0.0,0.0,0.0,0.0,29.1,32.4,27.3,9.9,30.9
0,Jurong (West),2021,8,1,70.2,28.2,39.0,66.6,26.9,30.3,22.3,-,-
1,Jurong (West),2021,8,2,1.6,1.4,1.4,1.4,28.2,32.1,25.6,     6.4,    27.4
2,Jurong (West),2021,8,3,3.8,3.0,3.6,3.6,28.3,32.0,22.5,     7.8,    47.2
3,Jurong (West),2021,8,4,17.8,14.6,17.8,17.8,27.0,28.9,22.7,     8.9,    49.3
4,Jurong (West),2021,8,5,0.0,0.0,0.0,0.0,28.8,32.4,26.6,     9.2,    27.0
5,Jurong (West),2021,8,6,0.0,0.0,0.0,0.0,28.9,32.4,26.2,     8.2,    38.9
6,Jurong (West),2021,8,7,0.0,0.0,0.0,0.0,28.4,32.5,25.9,     7.1,    27.0
7,Jurong (West),2021,8,8,8.2,7.2,7.6,7.6,26.6,32.3,24.1,     6.8,    30.9
8,Jurong (West),2021,8,9,0.0,0.0,0.0,0.0,27.9,32.5,24.1,     6.8,    23.7
9,Jurong (West),2021,8,10,0.0,0.0,0.0,0.0,29.0,31.7,27.3,     8.5,    30.2
10,Jurong (West),2021,8,11,2.6,2.4,2.4,2.4,28.5,31.1,25.6,     7.8,    32.0
11,Jurong (West),2021,8,12,0.0,0.0,0.0,0.0,28.6,31.8,26.1,     8.4,    32.4
12,Jurong (West),2021,8,13,0.0,0.0,0.0,0.0,27.6,30.9,25.4,     7.2,    44.6
13,Jurong (West),2021,8,14,44.0,31.2,34.4,35.8,26.7,31.8,23.3,     4.7,    22.4
14,Jurong (West),2021,8,15,29.2,24.8,26.6,28.6,26.9,31.4,23.6,     5.7,    36.3
15,Jurong (West),2021,8,16,0.8,0.4,0.4,13.6,26.8,31.2,24.0,     5.2,    31.3
16,Jurong (West),2021,8,17,17.8,11.6,14.4,15.0,25.8,27.8,23.2,     6.4,    32.0
17,Jurong (West),2021,8,18,1.0,0.8,0.8,11.4,25.1,26.8,23.7,     6.3,    23.0
18,Jurong (West),2021,8,19,26.8,8.4,12.0,16.8,25.8,29.3,21.9,    11.7,    36.7
19,Jurong (West),2021,8,20,33.4,25.2,30.6,32.4,25.3,27.2,23.1,     5.4,    21.3
20,Jurong (West),2021,8,21,0.0,0.0,0.0,0.0,27.4,29.9,24.5,     6.9,    23.7
21,Jurong (West),2021,8,22,1.4,0.8,0.8,1.0,26.3,29.9,23.7,     6.7,    46.5
22,Jurong (West),2021,8,23,0.0,0.0,0.0,0.0,26.7,31.1,23.8,     7.1,    24.8
23,Jurong (West),2021,8,24,52.4,29.6,36.0,43.4,25.4,27.6,23.3,     5.1,    29.1
24,Jurong (West),2021,8,25,1.6,0.8,1.4,1.6,26.1,28.0,24.4,     7.9,    35.9
25,Jurong (West),2021,8,26,0.0,0.0,0.0,0.0,27.2,31.1,24.7,     6.6,    34.6
26,Jurong (West),2021,8,27,0.0,0.0,0.0,0.0,27.6,31.8,24.2,     8.5,    34.6
27,Jurong (West),2021,8,28,0.0,0.0,0.0,0.0,28.6,32.3,26.8,     8.8,    27.8
28,Jurong (West),2021,8,29,11.2,7.6,8.6,8.6,26.5,29.4,24.5,     6.4,    21.7
29,Jurong (West),2021,8,30,67.4,13.8,25.6,29.4,25.3,27.9,22.1,     5.8,    29.4
30,Jurong (West),2021,8,31,19.0,5.4,8.8,12.2,26.9,30.7,23.8,     5.1,    26.3
0,Jurong (West),2019,12,1,7.8,5.2,7.4,7.4,26.9,32.7,24.8,6.1,24.1
1,Jurong (West),2019,12,2,40.4,16.4,30.2,36.6,25.7,31.6,22.1,7.2,41.0
2,Jurong (West),2019,12,3,0.0,0.0,0.0,0.0,26.8,30.1,24.7,10.1,42.1
3,Jurong (West),2019,12,4,0.0,0.0,0.0,0.0,27.4,31.2,24.7,11.2,38.2
4,Jurong (West),2019,12,5,0.0,0.0,0.0,0.0,27.0,30.4,25.3,9.0,32.0
5,Jurong (West),2019,12,6,4.8,3.6,4.8,4.8,27.0,32.9,24.3,11.2,36.4
6,Jurong (West),2019,12,7,0.0,0.0,0.0,0.0,27.0,30.0,25.3,10.4,38.2
7,Jurong (West),2019,12,8,0.0,0.0,0.0,0.0,26.4,28.2,25.3,6.8,29.5
8,Jurong (West),2019,12,9,15.4,4.6,5.8,8.8,24.4,26.3,23.4,10.1,37.4
9,Jurong (West),2019,12,10,0.4,0.2,0.4,0.4,25.4,27.4,23.8,5.4,19.8
10,Jurong (West),2019,12,11,53.8,13.6,25.2,30.4,23.8,25.3,22.3,7.6,28.1
11,Jurong (West),2019,12,12,0.8,0.6,0.6,0.8,26.3,31.5,23.0,11.2,37.8
12,Jurong (West),2019,12,13,27.4,14.0,15.0,15.4,24.6,27.8,22.9,6.5,35.3
13,Jurong (West),2019,12,14,29.6,3.6,6.8,11.0,23.7,26.1,22.8,5.0,21.6
14,Jurong (West),2019,12,15,23.2,4.2,5.8,9.8,23.6,25.1,22.6,5.8,16.2
15,Jurong (West),2019,12,16,2.2,2.0,2.0,2.0,25.1,29.4,22.3,5.4,17.3
16,Jurong (West),2019,12,17,2.2,0.6,0.8,1.4,25.1,29.3,24.1,4.3,16.6
17,Jurong (West),2019,12,18,8.2,5.4,7.8,8.2,25.3,31.3,23.6,5.0,22.3
18,Jurong (West),2019,12,19,2.0,2.0,2.0,2.0,26.1,31.7,23.7,6.1,29.9
19,Jurong (West),2019,12,20,0.2,0.2,0.2,0.2,26.7,30.0,24.5,7.9,29.9
20,Jurong (West),2019,12,21,14.4,11.0,13.2,14.0,26.0,30.5,24.5,6.1,23.8
21,Jurong (West),2019,12,22,0.0,0.0,0.0,0.0,26.4,30.2,24.1,7.9,25.9
22,Jurong (West),2019,12,23,0.0,0.0,0.0,0.0,27.0,32.3,24.3,6.8,23.8
23,Jurong (West),2019,12,24,0.0,0.0,0.0,0.0,27.0,31.3,24.7,8.6,34.6
24,Jurong (West),2019,12,25,11.0,11.0,11.0,11.0,26.8,32.3,24.1,6.5,37.4
25,Jurong (West),2019,12,26,0.0,0.0,0.0,0.0,26.9,30.9,24.1,7.6,24.5
26,Jurong (West),2019,12,27,1.2,1.2,1.2,1.2,27.1,33.1,24.5,8.3,25.9
27,Jurong (West),2019,12,28,0.0,0.0,0.0,0.0,27.0,31.2,24.6,9.7,34.2
28,Jurong (West),2019,12,29,4.6,4.6,4.6,4.6,27.1,31.9,24.6,9.0,38.9
29,Jurong (West),2019,12,30,0.0,0.0,0.0,0.0,27.6,32.4,24.6,9.0,28.8
30,Jurong (West),2019,12,31,0.0,0.0,0.0,0.0,27.3,32.2,24.3,9.7,34.9
0,Jurong (West),2020,12,1,0.0,0.0,0.0,0.0,28.1,32.3,24.8,6.6,28.2
1,Jurong (West),2020,12,2,1.4,0.8,1.2,1.2,27.5,30.7,24.1,6.4,29.4
2,Jurong (West),2020,12,3,3.6,2.8,3.4,3.4,26.6,32.0,24.6,6.0,32.8
3,Jurong (West),2020,12,4,5.0,3.6,4.0,4.8,26.0,31.9,24.2,7.9,35.0
4,Jurong (West),2020,12,5,9.8,9.0,9.6,9.8,26.1,32.1,24.3,9.1,36.7
5,Jurong (West),2020,12,6,0.2,0.2,0.2,0.2,27.7,33.1,24.6,9.5,37.8
6,Jurong (West),2020,12,7,0.0,0.0,0.0,0.0,27.8,32.9,24.8,9.1,33.2
7,Jurong (West),2020,12,8,3.8,2.6,3.4,3.8,27.5,32.9,25.1,9.0,34.6
8,Jurong (West),2020,12,9,8.6,8.6,8.6,8.6,27.3,32.9,24.7,7.3,24.1
9,Jurong (West),2020,12,10,0.8,0.6,0.6,0.6,26.5,31.7,24.3,6.8,29.1
10,Jurong (West),2020,12,11,0.0,0.0,0.0,0.0,27.0,30.7,24.2,8.7,41.1
11,Jurong (West),2020,12,12,3.2,1.4,1.4,1.4,25.8,31.8,22.7,7.7,28.9
12,Jurong (West),2020,12,13,0.2,0.2,0.2,0.2,26.6,29.7,23.1,8.3,29.8
13,Jurong (West),2020,12,14,50.0,19.6,27.6,43.6,25.6,32.0,23.2,6.9,47.6
14,Jurong (West),2020,12,15,41.0,25.0,26.6,40.4,25.3,32.1,23.0,6.8,41.9
15,Jurong (West),2020,12,16,8.4,6.6,6.6,6.6,25.3,29.4,23.2,4.9,41.1
16,Jurong (West),2020,12,17,52.8,44.2,51.6,52.8,25.4,30.6,22.7,5.5,30.2
17,Jurong (West),2020,12,18,3.0,1.0,1.2,1.6,24.5,26.0,22.5,6.5,39.6
18,Jurong (West),2020,12,19,0.0,0.0,0.0,0.0,25.7,29.9,23.0,6.3,22.4
19,Jurong (West),2020,12,20,5.0,4.4,4.4,5.0,26.1,31.5,23.7,6.9,28.5
20,Jurong (West),2020,12,21,0.0,0.0,0.0,0.0,26.6,31.3,23.8,6.4,25.6
21,Jurong (West),2020,12,22,1.0,1.0,1.0,1.0,27.3,32.9,24.6,7.4,29.1
22,Jurong (West),2020,12,23,0.0,0.0,0.0,0.0,27.4,32.3,24.8,7.3,22.6
23,Jurong (West),2020,12,24,0.0,0.0,0.0,0.0,26.4,29.0,24.7,5.5,25.2
24,Jurong (West),2020,12,25,0.0,0.0,0.0,0.0,28.1,33.2,25.3,5.7,23.3
25,Jurong (West),2020,12,26,91.6,26.2,36.0,50.8,26.5,31.1,22.5,7.9,47.8
26,Jurong (West),2020,12,27,1.6,1.0,1.2,1.6,26.3,32.6,23.1,6.3,23.7
27,Jurong (West),2020,12,28,20.6,13.4,19.4,20.6,26.9,32.0,24.2,8.1,29.1
28,Jurong (West),2020,12,29,0.2,0.2,0.2,0.2,26.0,30.2,24.6,5.2,25.6
29,Jurong (West),2020,12,30,2.0,1.4,1.4,1.4,26.8,32.2,24.3,5.7,23.7
30,Jurong (West),2020,12,31,25.0,20.6,23.4,24.4,25.9,31.8,23.3,6.6,25.9
0,Jurong (West),2021,12,1,0.0,0.0,0.0,0.0,29.8,33.6,26.2,6.8,28.2
1,Jurong (West),2021,12,2,4.2,2.0,2.2,2.2,25.7,28.3,22.1,6.5,40.0
2,Jurong (West),2021,12,3,0.0,0.0,0.0,0.0,26.5,31.3,23.9,7.6,29.4
3,Jurong (West),2021,12,4,0.0,0.0,0.0,0.0,26.6,30.5,23.7,8.0,41.1
4,Jurong (West),2021,12,5,0.0,0.0,0.0,0.0,26.9,30.7,25.0,9.3,31.7
5,Jurong (West),2021,12,6,0.0,0.0,0.0,0.0,27.1,30.8,24.8,8.9,27.8
6,Jurong (West),2021,12,7,0.0,0.0,0.0,0.0,27.6,32.1,24.7,11.0,42.0
7,Jurong (West),2021,12,8,0.0,0.0,0.0,0.0,27.5,31.6,25.0,10.4,36.7
8,Jurong (West),2021,12,9,0.0,0.0,0.0,0.0,27.6,32.4,24.9,8.7,29.8
9,Jurong (West),2021,12,10,49.6,22.8,31.6,42.6,26.2,31.9,23.6,7.1,29.1
10,Jurong (West),2021,12,11,27.2,12.4,16.4,20.8,25.7,30.3,23.9,5.4,29.4
11,Jurong (West),2021,12,12,0.0,0.0,0.0,0.0,26.1,29.3,24.8,7.9,30.9
12,Jurong (West),2021,12,13,0.0,0.0,0.0,0.0,26.6,30.9,24.2,9.5,47.2
13,Jurong (West),2021,12,14,0.0,0.0,0.0,0.0,27.5,31.7,25.0,9.1,36.7
14,Jurong (West),2021,12,15,0.0,0.0,0.0,0.0,27.4,31.2,24.7,7.9,32.4
15,Jurong (West),2021,12,16,6.4,6.2,6.2,6.2,27.3,30.5,24.6,10.3,36.7
16,Jurong (West),2021,12,17,11.2,6.6,6.6,6.8,26.1,29.2,24.0,10.6,56.1
17,Jurong (West),2021,12,18,9.0,6.0,6.2,6.2,27.2,31.9,23.7,7.5,27.0
18,Jurong (West),2021,12,19,15.8,6.6,9.0,12.0,26.4,29.5,23.5,9.4,33.2
19,Jurong (West),2021,12,20,0.0,0.0,0.0,0.0,27.0,31.8,24.1,7.3,24.4
20,Jurong (West),2021,12,21,0.0,0.0,0.0,0.0,28.2,34.3,24.8,6.6,21.7
21,Jurong (West),2021,12,22,0.2,0.2,0.2,0.2,27.6,30.9,26.0,6.7,26.3
22,Jurong (West),2021,12,23,0.4,0.2,0.2,0.4,26.6,31.0,24.2,5.0,20.9
23,Jurong (West),2021,12,24,21.2,19.2,20.4,21.0,26.7,31.2,24.0,5.2,30.9
24,Jurong (West),2021,12,25,6.6,4.0,4.0,4.0,26.3,31.1,23.9,6.7,30.6
25,Jurong (West),2021,12,26,21.6,11.6,20.0,21.6,26.7,31.2,24.6,7.1,28.9
26,Jurong (West),2021,12,27,0.0,0.0,0.0,0.0,27.6,33.6,24.7,7.5,25.9
27,Jurong (West),2021,12,28,0.0,0.0,0.0,0.0,27.7,33.1,24.6,9.1,30.6
28,Jurong (West),2021,12,29,2.8,2.8,2.8,2.8,26.9,30.8,24.7,6.6,30.2
29,Jurong (West),2021,12,30,13.0,6.6,9.8,12.6,26.4,31.9,23.8,6.1,22.4
30,Jurong (West),2021,12,31,15.8,2.8,4.4,7.4,24.7,25.7,23.7,6.7,24.4
0,Jurong (West),2019,2,1,0.0,0.0,0.0,0.0,27.8,32.2,24.9,10.1,36.4
1,Jurong (West),2019,2,2,0.0,0.0,0.0,0.0,27.8,32.1,25.3,9.7,34.6
2,Jurong (West),2019,2,3,0.0,0.0,0.0,0.0,27.7,32.5,25.2,8.6,30.2
3,Jurong (West),2019,2,4,42.4,30.6,41.2,41.8,27.3,33.5,23.3,7.6,36.4
4,Jurong (West),2019,2,5,0.0,0.0,0.0,0.0,27.4,33.0,24.3,6.1,24.1
5,Jurong (West),2019,2,6,0.0,0.0,0.0,0.0,27.7,33.4,24.3,7.2,29.5
6,Jurong (West),2019,2,7,0.0,0.0,0.0,0.0,27.6,33.4,24.7,7.9,27.7
7,Jurong (West),2019,2,8,0.8,0.8,0.8,0.8,27.7,33.7,25.1,7.2,24.8
8,Jurong (West),2019,2,9,4.0,3.6,4.0,4.0,28.2,34.3,25.1,7.2,29.5
9,Jurong (West),2019,2,10,2.6,2.6,2.6,2.6,27.8,33.9,25.4,9.0,29.2
10,Jurong (West),2019,2,11,0.0,0.0,0.0,0.0,27.5,32.5,24.1,10.4,34.6
11,Jurong (West),2019,2,12,0.0,0.0,0.0,0.0,27.7,34.1,23.8,9.4,30.6
12,Jurong (West),2019,2,13,0.0,0.0,0.0,0.0,28.3,32.1,25.9,11.2,35.6
13,Jurong (West),2019,2,14,0.0,0.0,0.0,0.0,28.4,32.5,26.3,12.2,41.4
14,Jurong (West),2019,2,15,0.0,0.0,0.0,0.0,27.5,32.5,25.0,7.9,32.0
15,Jurong (West),2019,2,16,0.0,0.0,0.0,0.0,27.9,33.5,24.2,7.9,28.1
16,Jurong (West),2019,2,17,0.0,0.0,0.0,0.0,27.5,34.0,25.1,6.8,30.2
17,Jurong (West),2019,2,18,4.2,2.6,3.4,3.6,26.7,31.3,22.7,5.4,33.8
18,Jurong (West),2019,2,19,27.0,16.8,23.6,26.0,26.5,31.2,24.1,6.8,25.9
19,Jurong (West),2019,2,20,8.0,8.0,8.0,8.0,27.3,31.5,24.0,6.1,32.4
20,Jurong (West),2019,2,21,0.0,0.0,0.0,0.0,28.2,32.9,24.9,10.1,36.4
21,Jurong (West),2019,2,22,23.8,23.6,23.6,23.6,27.3,33.1,24.5,7.6,30.6
22,Jurong (West),2019,2,23,0.0,0.0,0.0,0.0,27.8,32.8,24.7,7.2,27.4
23,Jurong (West),2019,2,24,0.0,0.0,0.0,0.0,27.8,33.3,24.3,7.6,27.0
24,Jurong (West),2019,2,25,0.0,0.0,0.0,0.0,28.3,33.2,25.1,8.6,30.6
25,Jurong (West),2019,2,26,3.6,3.6,3.6,3.6,27.9,31.8,25.9,9.7,37.4
26,Jurong (West),2019,2,27,0.0,0.0,0.0,0.0,28.0,33.3,25.7,11.2,39.6
27,Jurong (West),2019,2,28,0.8,0.8,0.8,0.8,27.9,32.5,25.6,8.3,32.8
0,Jurong (West),2020,2,1,0.0,0.0,0.0,0.0,27.8,31.7,25.6,10.4,36.0
1,Jurong (West),2020,2,2,0.0,0.0,0.0,0.0,27.3,31.0,25.6,11.9,40.3
2,Jurong (West),2020,2,3,0.0,0.0,0.0,0.0,27.4,32.3,24.1,10.4,34.6
3,Jurong (West),2020,2,4,0.0,0.0,0.0,0.0,27.2,32.5,23.9,8.6,26.6
4,Jurong (West),2020,2,5,0.0,0.0,0.0,0.0,27.3,33.2,23.7,9.0,29.9
5,Jurong (West),2020,2,6,0.0,0.0,0.0,0.0,27.9,32.3,24.9,10.1,30.6
6,Jurong (West),2020,2,7,0.0,0.0,0.0,0.0,27.6,32.3,25.2,11.9,39.6
7,Jurong (West),2020,2,8,0.0,0.0,0.0,0.0,27.2,31.9,23.9,7.6,25.6
8,Jurong (West),2020,2,9,11.6,4.8,7.6,8.6,25.7,29.8,22.9,6.5,35.3
9,Jurong (West),2020,2,10,53.0,12.8,15.8,25.8,25.4,31.4,22.8,6.1,32.0
10,Jurong (West),2020,2,11,9.2,4.8,5.2,5.8,26.1,29.6,24.4,6.5,32.0
11,Jurong (West),2020,2,12,0.0,0.0,0.0,0.0,27.4,32.6,24.3,8.3,27.4
12,Jurong (West),2020,2,13,1.4,1.0,1.0,1.4,27.6,32.2,25.4,7.9,33.8
13,Jurong (West),2020,2,14,1.6,1.4,1.4,1.6,27.7,32.8,25.3,7.6,33.8
14,Jurong (West),2020,2,15,0.0,0.0,0.0,0.0,28.0,33.9,24.5,5.8,25.2
15,Jurong (West),2020,2,16,0.0,0.0,0.0,0.0,27.7,31.9,25.6,5.8,29.2
16,Jurong (West),2020,2,17,0.0,0.0,0.0,0.0,28.2,34.1,25.1,9.0,35.6
17,Jurong (West),2020,2,18,0.2,0.2,0.2,0.2,26.5,30.3,24.3,9.4,38.2
18,Jurong (West),2020,2,19,0.8,0.8,0.8,0.8,27.8,32.4,25.3,11.2,38.2
19,Jurong (West),2020,2,20,0.0,0.0,0.0,0.0,27.4,31.6,25.1,11.2,38.2
20,Jurong (West),2020,2,21,7.2,2.0,3.0,3.6,26.1,29.6,23.7,9.7,47.9
21,Jurong (West),2020,2,22,0.0,0.0,0.0,0.0,27.5,31.1,25.1,12.6,44.3
22,Jurong (West),2020,2,23,0.0,0.0,0.0,0.0,27.5,31.2,25.2,13.0,44.6
23,Jurong (West),2020,2,24,0.6,0.6,0.6,0.6,26.7,30.4,24.9,11.2,43.9
24,Jurong (West),2020,2,25,0.0,0.0,0.0,0.0,27.7,33.0,24.6,10.1,31.7
25,Jurong (West),2020,2,26,0.0,0.0,0.0,0.0,27.9,32.3,24.6,10.1,33.1
26,Jurong (West),2020,2,27,0.0,0.0,0.0,0.0,28.0,32.8,24.9,10.1,35.3
27,Jurong (West),2020,2,28,0.0,0.0,0.0,0.0,28.1,33.2,25.2,10.8,33.1
28,Jurong (West),2020,2,29,0.0,0.0,0.0,0.0,28.0,33.1,24.8,10.4,34.2
0,Jurong (West),2021,2,1,0.0,0.0,0.0,0.0,26.4,30.3,23.8,9.8,28.5
1,Jurong (West),2021,2,2,0.0,0.0,0.0,0.0,26.7,30.6,24.3,11.0,36.3
2,Jurong (West),2021,2,3,0.0,0.0,0.0,0.0,26.7,30.9,24.0,9.2,32.4
3,Jurong (West),2021,2,4,0.0,0.0,0.0,0.0,26.5,31.8,23.8,11.9,41.1
4,Jurong (West),2021,2,5,0.0,0.0,0.0,0.0,26.7,32.4,23.1,9.7,34.6
5,Jurong (West),2021,2,6,0.0,0.0,0.0,0.0,27.4,31.7,24.8,11.1,35.2
6,Jurong (West),2021,2,7,0.0,0.0,0.0,0.0,27.6,33.5,23.8,10.1,33.2
7,Jurong (West),2021,2,8,0.2,0.2,0.2,0.2,27.1,32.3,24.3,11.1,34.6
8,Jurong (West),2021,2,9,0.0,0.0,0.0,0.0,27.3,32.6,24.1,7.5,32.0
9,Jurong (West),2021,2,10,8.6,8.6,8.6,8.6,26.8,32.1,24.5,7.5,22.6
10,Jurong (West),2021,2,11,16.4,15.0,15.0,15.0,26.6,32.3,23.9,7.8,24.1
11,Jurong (West),2021,2,12,1.6,1.4,1.4,1.4,26.8,31.7,24.6,8.8,49.6
12,Jurong (West),2021,2,13,22.2,11.6,14.2,22.2,26.4,31.7,24.1,8.0,33.2
13,Jurong (West),2021,2,14,14.2,13.8,13.8,13.8,26.4,30.8,24.6,9.1,30.2
14,Jurong (West),2021,2,15,0.0,0.0,0.0,0.0,26.5,31.3,24.0,9.6,35.6
15,Jurong (West),2021,2,16,0.0,0.0,0.0,0.0,26.6,31.8,23.8,9.0,29.4
16,Jurong (West),2021,2,17,0.0,0.0,0.0,0.0,26.8,31.7,23.5,9.6,32.0
17,Jurong (West),2021,2,18,0.0,0.0,0.0,0.0,26.5,32.3,22.6,11.9,39.3
18,Jurong (West),2021,2,19,0.0,0.0,0.0,0.0,26.5,30.5,24.0,11.5,35.0
19,Jurong (West),2021,2,20,0.0,0.0,0.0,0.0,26.4,30.3,23.8,11.5,37.0
20,Jurong (West),2021,2,21,0.0,0.0,0.0,0.0,26.6,31.1,24.1,10.1,31.7
21,Jurong (West),2021,2,22,0.0,0.0,0.0,0.0,27.0,32.7,23.9,9.4,30.6
22,Jurong (West),2021,2,23,0.0,0.0,0.0,0.0,26.9,33.5,23.0,8.8,30.9
23,Jurong (West),2021,2,24,6.6,6.2,6.2,6.2,26.3,30.8,23.6,7.6,26.7
24,Jurong (West),2021,2,25,0.0,0.0,0.0,0.0,27.3,32.5,23.5,8.5,25.9
25,Jurong (West),2021,2,26,0.0,0.0,0.0,0.0,27.7,32.7,24.4,7.9,33.2
26,Jurong (West),2021,2,27,0.0,0.0,0.0,0.0,28.5,33.4,25.3,6.8,31.7
27,Jurong (West),2021,2,28,0.0,0.0,0.0,0.0,28.1,33.8,25.2,7.0,28.5
0,Changi,2022,2,1,0.0,0.0,0.0,0.0,28.2,32.6,25.6,12.9,33.3
1,Changi,2022,2,2,0.0,0.0,0.0,0.0,28.4,33.2,25.2,9.3,29.6
2,Changi,2022,2,3,0.2,0.2,0.2,0.2,28.7,33.6,25.7,12.7,35.2
3,Changi,2022,2,4,0.0,0.0,0.2,0.2,28.7,33.3,26.5,14.5,38.9
4,Changi,2022,2,5,0.8,0.4,0.4,0.4,27.9,32.7,25.7,12.8,46.3
5,Changi,2022,2,6,20.6,3.4,6.0,8.4,26.2,29.0,24.2,6.5,27.8
6,Changi,2022,2,7,0.8,0.6,0.6,0.8,26.5,30.1,24.8,7.6,31.5
7,Changi,2022,2,8,1.6,0.6,0.8,1.0,26.7,30.8,24.3,7.6,25.9
8,Changi,2022,2,9,29.6,9.0,14.4,16.6,26.3,31.5,24.6,6.3,27.8
9,Changi,2022,2,10,19.6,2.8,5.0,7.4,24.6,25.5,23.7,5.3,20.4
10,Changi,2022,2,11,3.8,1.2,2.0,2.4,25.5,29.1,23.3,5.9,27.8
11,Changi,2022,2,12,0.0,0.0,0.0,0.0,27.4,31.6,24.1,9.8,31.5
12,Changi,2022,2,13,20.6,12.4,18.4,20.6,27.4,32.2,23.7,7.9,29.6
13,Changi,2022,2,14,1.2,1.2,1.2,1.2,27.6,31.0,25.4,9.0,29.6
14,Changi,2022,2,15,0.0,0.0,0.0,0.0,28.1,31.9,26.4,12.0,35.2
15,Changi,2022,2,16,16.4,12.6,15.2,15.2,26.1,28.0,22.6,5.7,33.3
16,Changi,2022,2,17,0.0,0.0,0.0,0.0,27.8,31.5,24.5,9.3,29.6
17,Changi,2022,2,18,0.0,0.0,0.0,0.0,28.6,32.3,26.4,11.8,29.6
18,Changi,2022,2,19,5.0,4.2,4.8,4.8,27.9,31.5,26.2,8.2,29.6
19,Changi,2022,2,20,12.2,10.6,12.0,12.2,27.3,32.9,23.5,6.9,25.9
20,Changi,2022,2,21,0.0,0.0,0.0,0.0,28.2,32.3,25.7,11.0,35.2
21,Changi,2022,2,22,0.0,0.0,0.0,0.0,28.1,32.2,25.3,9.3,29.6
22,Changi,2022,2,23,0.0,0.0,0.0,0.0,27.5,31.8,25.1,9.1,31.5
23,Changi,2022,2,24,17.0,4.6,7.0,9.2,25.6,28.4,23.5,8.6,29.6
24,Changi,2022,2,25,25.0,22.0,25.0,25.0,27.0,32.6,23.2,8.3,35.2
25,Changi,2022,2,26,0.0,0.0,0.0,0.0,26.6,29.8,24.5,7.3,24.1
26,Changi,2022,2,27,0.6,0.6,0.6,0.6,27.2,31.0,24.9,10.9,31.5
27,Changi,2022,2,28,0.0,0.0,0.0,0.0,28.0,32.4,25.2,12.5,37.0
0,Jurong (West),2019,1,1,33.5,32.5,33.0,33.0,27.1,32.9,22.8,7.9,60.1
1,Jurong (West),2019,1,2,0.0,0.0,0.0,0.0,27.5,31.3,24.7,10.8,35.3
2,Jurong (West),2019,1,3,0.2,0.2,0.2,0.2,27.8,30.7,25.0,16.2,54.4
3,Jurong (West),2019,1,4,0.0,0.0,0.0,0.0,28.2,31.2,25.5,12.6,43.6
4,Jurong (West),2019,1,5,15.6,11.6,13.0,13.4,27.8,32.9,25.0,5.4,24.5
5,Jurong (West),2019,1,6,0.2,0.2,0.2,0.2,28.2,32.6,25.6,9.4,36.0
6,Jurong (West),2019,1,7,0.0,0.0,0.0,0.0,28.4,32.5,26.1,11.5,38.5
7,Jurong (West),2019,1,8,10.0,3.6,6.8,8.0,27.0,31.3,24.8,7.2,32.4
8,Jurong (West),2019,1,9,0.2,0.2,0.2,0.2,27.5,31.7,25.1,8.6,33.8
9,Jurong (West),2019,1,10,0.0,0.0,0.0,0.0,28.2,32.5,25.0,10.1,36.4
10,Jurong (West),2019,1,11,0.0,0.0,0.0,0.0,27.9,32.1,25.6,9.0,34.2
11,Jurong (West),2019,1,12,0.0,0.0,0.0,0.0,28.0,33.7,24.7,7.2,27.0
12,Jurong (West),2019,1,13,2.2,2.2,2.2,2.2,27.0,32.8,24.8,7.6,31.0
13,Jurong (West),2019,1,14,0.0,0.0,0.0,0.0,27.6,32.1,24.7,8.6,30.2
14,Jurong (West),2019,1,15,0.0,0.0,0.0,0.0,27.6,32.1,24.8,7.6,24.8
15,Jurong (West),2019,1,16,0.0,0.0,0.0,0.0,27.6,32.0,24.6,7.2,25.9
16,Jurong (West),2019,1,17,3.8,2.8,2.8,3.0,25.9,30.1,24.0,8.3,31.3
17,Jurong (West),2019,1,18,24.0,3.4,5.8,11.4,25.3,28.2,23.4,8.6,29.5
18,Jurong (West),2019,1,19,0.0,0.0,0.0,0.0,26.8,31.6,24.0,7.9,31.7
19,Jurong (West),2019,1,20,1.2,1.2,1.2,1.2,27.3,32.1,24.3,9.0,33.5
20,Jurong (West),2019,1,21,0.0,0.0,0.0,0.0,27.5,31.9,24.9,9.0,33.1
21,Jurong (West),2019,1,22,0.0,0.0,0.0,0.0,27.1,30.6,24.6,11.5,39.2
22,Jurong (West),2019,1,23,0.0,0.0,0.0,0.0,27.4,31.4,24.6,11.9,43.6
23,Jurong (West),2019,1,24,0.0,0.0,0.0,0.0,27.2,30.5,25.0,10.1,37.4
24,Jurong (West),2019,1,25,0.6,0.6,0.6,0.6,26.8,30.2,24.4,10.1,34.6
25,Jurong (West),2019,1,26,0.0,0.0,0.0,0.0,27.0,30.5,24.6,10.4,36.4
26,Jurong (West),2019,1,27,0.0,0.0,0.0,0.0,27.4,31.2,24.6,11.5,39.2
27,Jurong (West),2019,1,28,0.2,0.2,0.2,0.2,26.3,28.8,25.2,9.7,37.1
28,Jurong (West),2019,1,29,0.0,0.0,0.0,0.0,27.4,31.2,24.6,11.5,41.8
29,Jurong (West),2019,1,30,0.0,0.0,0.0,0.0,27.4,31.3,24.8,9.4,37.4
30,Jurong (West),2019,1,31,0.0,0.0,0.0,0.0,27.1,32.4,24.5,7.9,35.6
0,Jurong (West),2020,1,1,0.0,0.0,0.0,0.0,27.2,31.4,24.3,9.4,36.7
1,Jurong (West),2020,1,2,0.0,0.0,0.0,0.0,27.0,30.6,24.0,8.6,32.8
2,Jurong (West),2020,1,3,2.8,2.6,2.6,2.6,26.9,31.2,24.7,9.0,35.3
3,Jurong (West),2020,1,4,0.2,0.2,0.2,0.2,26.6,30.5,24.3,7.9,34.6
4,Jurong (West),2020,1,5,0.0,0.0,0.0,0.0,27.3,32.2,24.1,10.4,33.8
5,Jurong (West),2020,1,6,11.6,5.2,8.8,10.0,25.9,32.1,23.1,10.4,37.4
6,Jurong (West),2020,1,7,3.2,0.8,1.4,1.8,26.0,30.7,23.0,10.4,32.8
7,Jurong (West),2020,1,8,0.8,0.4,0.4,0.6,27.0,31.2,24.6,9.0,38.2
8,Jurong (West),2020,1,9,0.0,0.0,0.0,0.0,27.2,31.7,25.1,9.7,33.5
9,Jurong (West),2020,1,10,11.0,9.2,10.8,11.0,26.3,30.7,24.0,6.8,29.5
10,Jurong (West),2020,1,11,0.0,0.0,0.0,0.0,27.3,30.5,24.3,6.1,23.0
11,Jurong (West),2020,1,12,9.6,9.2,9.2,9.2,26.9,31.8,24.5,6.8,24.1
12,Jurong (West),2020,1,13,0.0,0.0,0.0,0.0,27.0,32.1,23.8,7.9,25.6
13,Jurong (West),2020,1,14,0.0,0.0,0.0,0.0,27.3,32.0,24.1,9.4,32.8
14,Jurong (West),2020,1,15,0.0,0.0,0.0,0.0,27.0,31.3,24.5,8.3,25.9
15,Jurong (West),2020,1,16,8.0,4.4,4.4,4.4,26.9,31.6,25.2,7.6,29.9
16,Jurong (West),2020,1,17,0.0,0.0,0.0,0.0,27.6,33.1,24.2,8.3,29.9
17,Jurong (West),2020,1,18,28.2,14.8,17.0,28.2,26.8,32.2,24.7,7.6,32.8
18,Jurong (West),2020,1,19,0.0,0.0,0.0,0.0,27.8,32.5,25.3,9.0,30.6
19,Jurong (West),2020,1,20,6.6,4.0,5.6,6.0,27.0,31.3,24.9,9.0,32.8
20,Jurong (West),2020,1,21,14.0,3.8,4.6,8.4,25.6,27.9,23.5,8.6,38.5
21,Jurong (West),2020,1,22,0.0,0.0,0.0,0.0,27.6,31.7,24.8,10.4,37.8
22,Jurong (West),2020,1,23,0.0,0.0,0.0,0.0,27.5,32.2,24.5,8.6,31.0
23,Jurong (West),2020,1,24,0.0,0.0,0.0,0.0,27.6,32.3,24.5,10.1,34.6
24,Jurong (West),2020,1,25,0.0,0.0,0.0,0.0,27.8,33.7,24.3,8.6,24.1
25,Jurong (West),2020,1,26,0.2,0.2,0.2,0.2,27.9,33.2,24.2,7.9,30.6
26,Jurong (West),2020,1,27,0.2,0.2,0.2,0.2,27.8,33.8,25.8,6.5,25.2
27,Jurong (West),2020,1,28,62.0,24.2,34.2,54.2,27.2,32.9,24.5,7.2,29.2
28,Jurong (West),2020,1,29,83.4,52.8,65.0,66.6,25.4,30.2,22.9,6.8,37.4
29,Jurong (West),2020,1,30,0.0,0.0,0.0,0.0,26.9,32.5,23.0,7.6,24.8
30,Jurong (West),2020,1,31,0.0,0.0,0.0,0.0,27.7,31.5,25.5,9.7,33.8
0,Jurong (West),2021,1,1,41.0,6.0,9.8,14.0,23.5,24.9,22.0,7.5,46.9
1,Jurong (West),2021,1,2,98.0,10.4,14.4,27.4,22.7,23.9,21.6,7.7,35.9
2,Jurong (West),2021,1,3,1.8,0.8,0.8,1.0,23.4,25.5,22.3,5.6,17.2
3,Jurong (West),2021,1,4,0.2,0.2,0.2,0.2,24.7,28.4,22.3,5.6,19.8
4,Jurong (West),2021,1,5,0.2,0.2,0.2,0.2,26.4,31.2,23.6,7.5,30.9
5,Jurong (West),2021,1,6,0.0,0.0,0.0,0.0,26.3,29.8,24.3,7.5,32.8
6,Jurong (West),2021,1,7,0.2,0.2,0.2,0.2,24.1,25.2,23.3,6.6,24.1
7,Jurong (West),2021,1,8,0.0,0.0,0.0,0.0,25.5,28.1,23.6,7.6,29.4
8,Jurong (West),2021,1,9,28.0,7.4,11.6,13.8,24.7,28.9,23.5,6.9,32.8
9,Jurong (West),2021,1,10,63.0,7.2,10.0,15.4,23.5,24.0,23.2,8.6,26.7
10,Jurong (West),2021,1,11,2.8,0.8,1.0,2.0,24.6,28.0,23.3,8.9,37.0
11,Jurong (West),2021,1,12,7.0,1.6,1.6,2.4,24.3,27.6,22.9,10.0,40.7
12,Jurong (West),2021,1,13,4.6,3.4,3.4,3.6,24.2,27.0,22.9,7.5,34.6
13,Jurong (West),2021,1,14,0.0,0.0,0.0,0.0,25.4,28.8,22.8,8.7,32.0
14,Jurong (West),2021,1,15,0.0,0.0,0.0,0.0,26.5,31.3,23.8,8.2,30.2
15,Jurong (West),2021,1,16,0.0,0.0,0.0,0.0,26.8,30.6,24.3,8.1,30.9
16,Jurong (West),2021,1,17,0.0,0.0,0.0,0.0,26.9,31.3,24.2,12.9,37.4
17,Jurong (West),2021,1,18,0.0,0.0,0.0,0.0,26.0,28.7,24.0,13.4,48.9
18,Jurong (West),2021,1,19,0.0,0.0,0.0,0.0,26.0,29.8,23.3,9.1,30.2
19,Jurong (West),2021,1,20,0.0,0.0,0.0,0.0,26.1,30.5,23.3,8.8,31.3
20,Jurong (West),2021,1,21,7.8,5.6,5.8,5.8,25.9,32.1,23.5,7.4,30.2
21,Jurong (West),2021,1,22,1.0,1.0,1.0,1.0,26.0,31.4,23.2,6.6,22.4
22,Jurong (West),2021,1,23,8.8,8.4,8.6,8.6,25.7,31.1,23.5,7.5,28.2
23,Jurong (West),2021,1,24,22.2,10.6,17.2,22.2,25.6,32.1,22.7,7.9,27.0
24,Jurong (West),2021,1,25,3.8,3.8,3.8,3.8,26.6,32.6,24.1,6.7,25.6
25,Jurong (West),2021,1,26,0.0,0.0,0.0,0.0,26.7,32.1,23.7,6.5,24.1
26,Jurong (West),2021,1,27,0.4,0.4,0.4,0.4,26.2,30.8,23.5,7.0,20.9
27,Jurong (West),2021,1,28,1.2,0.8,0.8,1.0,25.7,30.0,23.8,8.7,41.9
28,Jurong (West),2021,1,29,0.0,0.0,0.0,0.0,26.5,31.6,23.3,10.3,32.4
29,Jurong (West),2021,1,30,0.0,0.0,0.0,0.0,26.4,30.9,23.6,10.2,37.8
30,Jurong (West),2021,1,31,0.0,0.0,0.0,0.0,26.4,29.6,24.1,8.7,30.9
0,Jurong (West),2022,1,1,18.2,15.2,16.6,17.4,25.0,30.3,23.4,5.3,26.3
1,Jurong (West),2022,1,2,23.0,2.4,4.6,8.6,23.7,24.4,23.2,6.9,27.0
2,Jurong (West),2022,1,3,2.4,1.6,1.6,2.2,25.2,29.9,22.9,6.5,24.1
3,Jurong (West),2022,1,4,5.4,2.6,3.0,4.4,25.3,29.9,23.4,7.8,27.0
4,Jurong (West),2022,1,5,0.8,0.8,0.8,0.8,27.2,32.0,24.1,7.2,27.8
5,Jurong (West),2022,1,6,0.0,0.0,0.0,0.0,27.7,33.2,24.7,8.0,27.4
6,Jurong (West),2022,1,7,20.6,10.6,14.0,15.2,26.8,33.1,23.7,7.0,27.4
7,Jurong (West),2022,1,8,0.0,0.0,0.0,0.0,27.0,30.8,24.7,8.5,30.9
8,Jurong (West),2022,1,9,0.0,0.0,0.0,0.0,27.6,31.8,24.7,8.6,33.9
9,Jurong (West),2022,1,10,0.0,0.0,0.0,0.0,27.4,32.1,24.5,10.1,32.4
10,Jurong (West),2022,1,11,0.0,0.0,0.0,0.0,27.2,31.8,24.1,8.1,26.3
11,Jurong (West),2022,1,12,0.0,0.0,0.0,0.0,27.1,32.0,24.5,10.4,30.9
12,Jurong (West),2022,1,13,0.0,0.0,0.0,0.0,26.9,33.0,23.1,10.1,35.0
13,Jurong (West),2022,1,14,0.0,0.0,0.0,0.0,26.8,31.6,23.7,10.9,37.4
14,Jurong (West),2022,1,15,0.0,0.0,0.0,0.0,27.3,32.6,24.3,8.7,28.2
15,Jurong (West),2022,1,16,4.2,4.0,4.2,4.2,27.1,31.8,24.2,10.2,30.6
16,Jurong (West),2022,1,17,3.4,3.2,3.4,3.4,26.7,30.6,24.8,7.6,29.4
17,Jurong (West),2022,1,18,0.0,0.0,0.0,0.0,27.2,32.4,24.3,10.8,36.3
18,Jurong (West),2022,1,19,0.0,0.0,0.0,0.0,26.8,31.6,24.0,9.2,30.9
19,Jurong (West),2022,1,20,16.6,11.8,15.0,16.6,26.5,32.7,23.6,6.4,31.3
20,Jurong (West),2022,1,21,0.0,0.0,0.0,0.0,27.2,32.7,23.9,8.0,27.4
21,Jurong (West),2022,1,22,0.0,0.0,0.0,0.0,27.4,33.0,24.6,7.6,24.1
22,Jurong (West),2022,1,23,0.0,0.0,0.0,0.0,27.7,32.9,24.7,6.6,24.4
23,Jurong (West),2022,1,24,0.0,0.0,0.0,0.0,27.3,31.6,24.3,6.4,23.3
24,Jurong (West),2022,1,25,0.0,0.0,0.0,0.0,27.7,33.1,24.3,8.4,29.1
25,Jurong (West),2022,1,26,0.0,0.0,0.0,0.0,27.4,32.8,24.3,7.5,29.8
26,Jurong (West),2022,1,27,0.0,0.0,0.0,0.0,27.5,32.8,24.4,6.3,23.3
27,Jurong (West),2022,1,28,0.2,0.2,0.2,0.2,27.9,33.7,24.5,7.4,32.0
28,Jurong (West),2022,1,29,6.2,6.2,6.2,6.2,27.5,33.5,24.7,6.5,27.4
29,Jurong (West),2022,1,30,2.2,1.0,1.2,1.2,27.0,33.3,24.5,6.9,30.2
30,Jurong (West),2022,1,31,0.0,0.0,0.0,0.0,27.8,33.7,24.6,7.5,27.0
0,Jurong (West),2019,7,1,0.0,0.0,0.0,0.0,29.1,31.7,27.7,9.7,32.8
1,Jurong (West),2019,7,2,0.0,0.0,0.0,0.0,29.4,32.7,27.7,9.7,32.0
2,Jurong (West),2019,7,3,0.2,0.2,0.2,0.2,28.6,31.4,25.7,7.6,32.0
3,Jurong (West),2019,7,4,6.2,4.8,5.0,6.0,28.6,32.0,25.2,7.2,30.6
4,Jurong (West),2019,7,5,0.0,0.0,0.0,0.0,29.2,32.7,27.4,10.8,36.0
5,Jurong (West),2019,7,6,0.2,0.2,0.2,0.2,29.0,33.2,26.4,7.9,32.0
6,Jurong (West),2019,7,7,6.6,6.0,6.0,6.0,27.9,30.8,25.7,6.1,27.4
7,Jurong (West),2019,7,8,17.0,15.2,15.4,15.6,27.3,31.4,23.5,5.8,32.8
8,Jurong (West),2019,7,9,41.6,29.8,34.6,38.6,26.7,30.2,22.3,6.8,39.6
9,Jurong (West),2019,7,10,0.0,0.0,0.0,0.0,28.8,31.5,26.7,10.8,31.3
10,Jurong (West),2019,7,11,0.0,0.0,0.0,0.0,29.2,32.2,27.1,11.2,32.8
11,Jurong (West),2019,7,12,0.0,0.0,0.0,0.0,29.1,32.4,27.0,9.4,32.8
12,Jurong (West),2019,7,13,0.0,0.0,0.0,0.0,29.3,32.5,27.2,9.7,35.6
13,Jurong (West),2019,7,14,0.0,0.0,0.0,0.0,29.4,32.0,27.6,10.1,32.4
14,Jurong (West),2019,7,15,3.0,2.0,2.2,3.0,26.7,28.5,22.6,9.0,45.4
15,Jurong (West),2019,7,16,0.0,0.0,0.0,0.0,28.5,31.4,26.9,11.5,38.5
16,Jurong (West),2019,7,17,0.0,0.0,0.0,0.0,28.6,31.2,26.0,9.7,36.7
17,Jurong (West),2019,7,18,0.0,0.0,0.0,0.0,28.6,31.2,27.3,13.0,37.1
18,Jurong (West),2019,7,19,0.0,0.0,0.0,0.0,28.8,31.3,27.2,10.8,33.1
19,Jurong (West),2019,7,20,0.0,0.0,0.0,0.0,29.0,32.2,27.2,9.4,32.4
20,Jurong (West),2019,7,21,0.0,0.0,0.0,0.0,28.3,31.8,26.5,6.1,23.4
21,Jurong (West),2019,7,22,18.8,13.0,14.0,18.6,27.2,30.8,23.7,6.8,47.9
22,Jurong (West),2019,7,23,6.6,2.0,3.4,5.0,26.4,29.5,22.9,6.1,34.9
23,Jurong (West),2019,7,24,0.8,0.6,0.8,0.8,27.6,30.9,25.1,8.6,37.8
24,Jurong (West),2019,7,25,0.0,0.0,0.0,0.0,28.8,31.6,26.4,8.3,26.6
25,Jurong (West),2019,7,26,0.0,0.0,0.0,0.0,28.8,31.9,26.5,9.0,26.6
26,Jurong (West),2019,7,27,0.0,0.0,0.0,0.0,29.0,32.2,27.1,9.0,29.2
27,Jurong (West),2019,7,28,0.0,0.0,0.0,0.0,28.5,31.7,25.3,9.4,33.1
28,Jurong (West),2019,7,29,0.0,0.0,0.0,0.0,29.4,32.7,27.3,10.1,30.6
29,Jurong (West),2019,7,30,0.6,0.6,0.6,0.6,28.8,31.8,25.7,9.0,30.6
30,Jurong (West),2019,7,31,0.0,0.0,0.0,0.0,29.0,31.6,27.7,11.9,40.0
0,Jurong (West),2020,7,1,0.0,     0.0,     0.0,     0.0,28.8,31.5,27.9,7.8,27.0
1,Jurong (West),2020,7,2,0.0,     0.0,     0.0,     0.0,29.0,31.9,27.3,9.7,30.9
2,Jurong (West),2020,7,3,0.0,     0.0,     0.0,     0.0,29.2,32.1,28.0,9.3,30.9
3,Jurong (West),2020,7,4,54.4,    43.6,    53.4,    54.4,28.2,32.0,21.4,8.8,32.4
4,Jurong (West),2020,7,5,37.4,    33.4,    37.2,    37.2,27.0,32.6,22.4,6.2,60.6
5,Jurong (West),2020,7,6,5.2,     5.2,     5.2,     5.2,27.5,31.4,25.0,7.3,32.8
6,Jurong (West),2020,7,7,9.2,     4.4,     4.8,     6.6,26.3,30.7,24.0,5.6,29.8
7,Jurong (West),2020,7,8,0.8,     0.6,     0.6,     0.8,26.3,28.8,24.5,5.8,26.7
8,Jurong (West),2020,7,9,22.8,     7.8,     8.0,    11.0,25.2,27.1,23.2,8.9,35.0
9,Jurong (West),2020,7,10,0.0,     0.0,     0.0,     0.0,27.3,30.4,24.5,6.3,26.3
10,Jurong (West),2020,7,11,0.8,     0.8,     0.8,     0.8,27.4,29.7,24.4,6.8,28.5
11,Jurong (West),2020,7,12,4.6,     3.2,     3.2,     4.6,27.7,30.7,24.4,7.2,29.4
12,Jurong (West),2020,7,13,23.2,    11.0,    12.6,    18.4,25.1,28.1,23.3,8.1,35.2
13,Jurong (West),2020,7,14,0.0,     0.0,     0.0,     0.0,26.5,27.9,25.2,6.8,23.3
14,Jurong (West),2020,7,15,0.0,     0.0,     0.0,     0.0,27.3,30.0,25.8,6.6,23.0
15,Jurong (West),2020,7,16,1.0,-,-,-,27.8,32.3,24.9,5.6,27.8
16,Jurong (West),2020,7,17,0.2,     0.2,     0.2,     0.2,28.3,32.0,24.9,5.7,20.9
17,Jurong (West),2020,7,18,0.0,     0.0,     0.0,     0.0,27.8,32.6,25.5,6.1,27.8
18,Jurong (West),2020,7,19,0.0,     0.0,     0.0,     0.0,28.1,32.0,24.6,7.5,27.8
19,Jurong (West),2020,7,20,0.0,     0.0,     0.0,     0.0,29.0,33.0,26.7,8.3,29.8
20,Jurong (West),2020,7,21,0.0,     0.0,     0.0,     0.0,29.0,32.9,27.1,7.5,28.5
21,Jurong (West),2020,7,22,86.8,    47.0,    74.8,    85.4,26.5,29.7,22.2,5.1,38.5
22,Jurong (West),2020,7,23,3.2,     1.4,     1.6,     1.8,27.0,29.9,24.5,6.5,29.8
23,Jurong (West),2020,7,24,32.8,    31.8,    32.6,    32.6,26.9,30.8,23.1,6.0,28.5
24,Jurong (West),2020,7,25,8.2,     5.4,     5.8,     5.8,26.4,29.6,24.1,5.7,29.8
25,Jurong (West),2020,7,26,0.0,     0.0,     0.0,     0.0,27.5,31.1,25.0,8.4,43.9
26,Jurong (West),2020,7,27,30.4,    19.8,    21.4,    23.2,26.3,29.8,22.4,6.5,52.2
27,Jurong (West),2020,7,28,0.4,     0.2,     0.2,     0.2,27.6,30.2,24.9,7.3,32.8
28,Jurong (West),2020,7,29,22.0,     9.0,    11.0,    15.4,25.7,27.9,23.6,5.3,23.3
29,Jurong (West),2020,7,30,0.0,     0.0,     0.0,     0.0,28.0,31.3,25.0,7.2,27.8
30,Jurong (West),2020,7,31,12.8,    11.4,    11.6,    12.8,27.6,29.9,23.4,9.0,54.8
0,Jurong (West),2021,7,1,4.8,3.0,3.0,3.0,28.9,31.9,25.0,9.7,37.0
1,Jurong (West),2021,7,2,1.0,0.8,0.8,0.8,28.0,30.8,25.9,5.4,23.3
2,Jurong (West),2021,7,3,0.0,0.0,0.0,0.0,28.3,32.0,25.4,5.0,23.0
3,Jurong (West),2021,7,4,19.2,12.6,14.0,18.0,26.2,28.4,23.4,6.3,26.7
4,Jurong (West),2021,7,5,3.2,1.4,1.4,1.4,27.3,30.0,23.6,7.3,40.0
5,Jurong (West),2021,7,6,0.2,0.2,0.2,0.2,27.8,29.3,25.5,7.2,25.6
6,Jurong (West),2021,7,7,5.6,4.8,5.2,5.2,27.5,30.1,25.6,4.2,19.4
7,Jurong (West),2021,7,8,0.0,0.0,0.0,0.0,28.9,32.2,25.5,6.5,27.8
8,Jurong (West),2021,7,9,12.0,6.8,8.8,8.8,27.9,32.0,22.8,7.5,29.8
9,Jurong (West),2021,7,10,3.8,1.6,2.2,3.2,25.5,26.9,24.1,4.7,22.4
10,Jurong (West),2021,7,11,10.2,8.2,8.6,8.8,25.6,29.7,23.8,4.7,29.1
11,Jurong (West),2021,7,12,46.8,22.6,34.0,41.6,25.8,31.4,22.9,6.8,33.2
12,Jurong (West),2021,7,13,33.4,10.0,12.2,17.8,24.6,27.6,22.9,9.2,40.4
13,Jurong (West),2021,7,14,0.2,0.2,0.2,0.2,26.6,28.7,24.0,6.6,26.3
14,Jurong (West),2021,7,15,0.0,0.0,0.0,0.0,28.1,31.9,24.4,8.0,28.2
15,Jurong (West),2021,7,16,0.0,0.0,0.0,0.0,28.9,31.5,26.2,8.0,24.4
16,Jurong (West),2021,7,17,0.0,0.0,0.0,0.0,29.3,33.0,27.3,8.6,27.8
17,Jurong (West),2021,7,18,0.0,0.0,0.0,0.0,29.3,31.9,27.6,7.9,28.9
18,Jurong (West),2021,7,19,0.0,0.0,0.0,0.0,28.2,30.7,26.6,6.3,43.2
19,Jurong (West),2021,7,20,0.0,0.0,0.0,0.0,29.1,32.0,27.0,6.3,24.4
20,Jurong (West),2021,7,21,0.0,0.0,0.0,0.0,29.5,32.8,27.8,9.6,32.4
21,Jurong (West),2021,7,22,0.0,0.0,0.0,0.0,29.8,33.3,27.7,9.7,31.3
22,Jurong (West),2021,7,23,0.4,0.2,0.4,0.4,28.6,32.9,25.0,8.1,74.1
23,Jurong (West),2021,7,24,0.0,0.0,0.0,0.2,29.1,32.7,26.0,9.1,30.6
24,Jurong (West),2021,7,25,0.0,0.0,0.0,0.0,29.8,32.8,27.8,10.5,29.1
25,Jurong (West),2021,7,26,0.0,0.0,0.0,0.0,29.5,32.2,27.6,9.8,30.6
26,Jurong (West),2021,7,27,0.0,0.0,0.0,0.0,29.5,32.4,27.9,7.9,36.3
27,Jurong (West),2021,7,28,0.0,0.0,0.0,0.0,29.5,32.6,28.0,9.0,28.9
28,Jurong (West),2021,7,29,0.0,0.0,0.0,0.0,29.5,32.6,28.1,10.4,33.2
29,Jurong (West),2021,7,30,0.0,0.0,0.0,0.0,29.8,33.5,28.1,9.5,28.9
30,Jurong (West),2021,7,31,7.6,2.2,3.4,5.8,28.0,30.4,23.5,7.3,49.6
0,Jurong (West),2019,6,1,0.0,0.0,0.0,0.0,27.6,31.0,25.5,6.1,27.4
1,Jurong (West),2019,6,2,23.0,9.6,11.0,11.8,27.6,32.1,22.9,6.1,29.5
2,Jurong (West),2019,6,3,3.8,1.6,2.6,3.2,26.4,28.9,24.7,6.5,38.2
3,Jurong (West),2019,6,4,12.0,8.4,9.2,9.6,26.8,30.1,25.0,5.0,26.6
4,Jurong (West),2019,6,5,0.0,0.0,0.0,0.0,28.3,32.0,26.6,6.1,26.6
5,Jurong (West),2019,6,6,12.0,9.4,10.6,11.2,26.3,27.8,24.2,5.0,37.1
6,Jurong (West),2019,6,7,5.6,1.6,2.6,3.8,25.8,27.1,24.4,5.8,30.2
7,Jurong (West),2019,6,8,35.2,32.2,32.8,33.4,26.6,28.7,24.6,5.4,36.7
8,Jurong (West),2019,6,9,2.0,1.4,1.4,1.4,28.0,31.1,25.4,5.0,33.5
9,Jurong (West),2019,6,10,0.0,0.0,0.0,0.0,29.2,32.7,26.0,8.3,31.7
10,Jurong (West),2019,6,11,64.4,29.4,51.6,57.2,29.0,32.4,24.2,9.0,40.7
11,Jurong (West),2019,6,12,19.0,10.6,12.8,13.2,26.8,28.5,24.2,9.7,41.4
12,Jurong (West),2019,6,13,0.4,0.2,0.2,0.4,28.3,30.0,27.1,9.0,29.2
13,Jurong (West),2019,6,14,1.0,0.4,0.8,1.0,29.1,32.8,26.3,7.9,27.4
14,Jurong (West),2019,6,15,1.8,1.2,1.4,1.4,27.6,31.0,25.3,7.6,28.1
15,Jurong (West),2019,6,16,0.0,0.0,0.0,0.0,29.1,32.2,26.2,8.3,31.3
16,Jurong (West),2019,6,17,40.0,32.0,37.0,37.2,28.1,30.9,23.8,7.6,37.4
17,Jurong (West),2019,6,18,76.0,43.2,65.0,66.2,26.3,28.6,21.6,6.1,43.9
18,Jurong (West),2019,6,19,0.6,0.6,0.6,0.6,27.4,29.4,24.9,5.0,21.2
19,Jurong (West),2019,6,20,20.4,12.6,18.2,18.8,27.9,31.6,25.3,6.1,24.8
20,Jurong (West),2019,6,21,0.2,0.2,0.2,0.2,27.4,31.9,24.7,6.8,32.0
21,Jurong (West),2019,6,22,21.4,10.8,17.2,19.8,26.3,29.7,22.5,6.8,39.6
22,Jurong (West),2019,6,23,0.2,0.2,0.2,0.2,28.4,31.3,24.9,7.9,27.7
23,Jurong (West),2019,6,24,0.0,0.0,0.0,0.0,28.9,32.5,27.6,9.4,34.6
24,Jurong (West),2019,6,25,0.0,0.0,0.0,0.0,29.3,32.0,27.7,11.2,32.8
25,Jurong (West),2019,6,26,0.4,0.4,0.4,0.4,28.1,30.0,25.3,8.6,40.7
26,Jurong (West),2019,6,27,0.0,0.0,0.0,0.0,28.6,32.4,25.5,7.2,25.9
27,Jurong (West),2019,6,28,0.0,0.0,0.0,0.0,29.3,32.3,27.6,10.4,31.3
28,Jurong (West),2019,6,29,0.0,0.0,0.0,0.0,29.0,32.1,27.4,11.2,36.0
29,Jurong (West),2019,6,30,4.4,4.4,4.4,4.4,28.4,30.4,25.0,9.4,32.0
0,Jurong (West),2020,6,1,7.6,     3.8,-,-,26.3,28.5,24.8,5.7,29.1
1,Jurong (West),2020,6,2,12.0,    11.8,-,-,27.9,33.2,24.6,4.7,29.1
2,Jurong (West),2020,6,3,13.0,    11.8,    12.8,    12.8,28.3,32.1,23.9,6.3,45.0
3,Jurong (West),2020,6,4,78.0,    39.8,    63.2,    75.6,28.2,32.1,23.2,7.4,45.0
4,Jurong (West),2020,6,5,3.0,-,-,-,27.6,30.1,24.1,10.3,33.2
5,Jurong (West),2020,6,6,3.0,-,-,-,26.6,29.1,23.6,5.2,28.9
6,Jurong (West),2020,6,7,0.0,     0.0,     0.0,     0.0,29.2,33.7,25.8,5.0,22.4
7,Jurong (West),2020,6,8,0.0,     0.0,     0.0,     0.0,29.5,33.7,26.8,5.3,23.0
8,Jurong (West),2020,6,9,0.0,     0.0,     0.0,     0.0,29.5,32.6,26.4,7.5,27.8
9,Jurong (West),2020,6,10,37.2,    32.8,    36.4,    37.0,28.7,33.1,23.0,8.2,32.8
10,Jurong (West),2020,6,11,20.8,    18.4,    19.4,    20.8,28.0,33.0,24.0,4.9,47.8
11,Jurong (West),2020,6,12,0.0,     0.0,     0.0,     0.0,28.5,31.4,26.0,5.5,25.2
12,Jurong (West),2020,6,13,45.8,    26.6,    39.0,    40.8,25.5,27.9,23.2,6.8,30.6
13,Jurong (West),2020,6,14,0.0,     0.0,     0.0,     0.0,27.8,31.8,24.7,6.3,25.9
14,Jurong (West),2020,6,15,7.8,     6.2,     6.6,     6.6,29.2,32.3,26.4,7.7,32.4
15,Jurong (West),2020,6,16,14.8,     8.8,     9.2,    10.6,27.1,30.8,24.4,4.6,30.6
16,Jurong (West),2020,6,17,8.6,     2.4,     3.8,     6.4,26.2,29.0,25.0,4.8,23.7
17,Jurong (West),2020,6,18,0.2,     0.2,     0.2,     0.2,27.1,30.7,24.9,6.1,26.3
18,Jurong (West),2020,6,19,1.2,     0.6,     0.8,     1.0,27.8,31.1,24.8,7.3,25.9
19,Jurong (West),2020,6,20,49.0,    24.8,    28.4,    34.0,25.7,28.5,23.7,6.6,41.1
20,Jurong (West),2020,6,21,41.6,    23.4,    27.0,    34.4,26.1,27.6,23.2,6.3,30.9
21,Jurong (West),2020,6,22,2.6,     1.6,     1.8,     1.8,26.8,28.9,24.0,7.0,34.3
22,Jurong (West),2020,6,23,74.0,    15.4,    27.2,    43.4,26.3,28.2,22.5,7.3,30.2
23,Jurong (West),2020,6,24,20.6,    10.8,    16.8,    17.6,26.6,27.6,24.8,8.9,33.5
24,Jurong (West),2020,6,25,0.0,     0.0,     0.0,     0.0,28.2,31.5,25.7,7.1,27.8
25,Jurong (West),2020,6,26,0.0,     0.0,     0.0,     0.0,28.7,31.8,26.5,7.4,29.1
26,Jurong (West),2020,6,27,0.0,     0.0,     0.0,     0.0,28.8,31.2,27.5,8.9,33.9
27,Jurong (West),2020,6,28,0.2,     0.2,     0.2,     0.2,29.0,31.8,27.6,9.5,36.3
28,Jurong (West),2020,6,29,0.0,     0.0,     0.0,     0.0,29.2,31.8,28.2,9.2,34.6
29,Jurong (West),2020,6,30,0.0,     0.0,     0.0,     0.0,29.3,32.3,27.5,10.9,31.7
0,Jurong (West),2021,6,1,4.4,4.2,4.4,4.4,28.2,31.5,26.3,4.4,39.6
1,Jurong (West),2021,6,2,10.2,3.8,6.6,7.0,28.1,31.9,25.1,6.8,28.2
2,Jurong (West),2021,6,3,0.0,0.0,0.0,0.0,29.3,33.1,25.2,7.9,29.1
3,Jurong (West),2021,6,4,0.0,0.0,0.0,0.0,29.6,33.8,27.5,6.9,32.0
4,Jurong (West),2021,6,5,0.0,0.0,0.0,0.0,29.2,31.7,26.8,6.3,29.4
5,Jurong (West),2021,6,6,0.0,0.0,0.0,0.0,29.2,32.5,26.0,7.2,28.2
6,Jurong (West),2021,6,7,0.6,0.6,0.6,0.6,29.4,32.2,26.0,7.1,37.8
7,Jurong (West),2021,6,8,0.2,0.2,0.2,0.2,28.9,33.0,25.7,6.3,26.3
8,Jurong (West),2021,6,9,5.0,5.0,5.0,5.0,28.7,31.6,23.9,5.6,48.2
9,Jurong (West),2021,6,10,7.0,5.2,6.4,6.8,27.6,32.3,23.8,5.8,35.2
10,Jurong (West),2021,6,11,0.0,0.0,0.0,0.4,28.1,31.6,24.9,6.1,26.7
11,Jurong (West),2021,6,12,0.0,0.0,0.0,0.0,29.3,33.4,26.8,7.4,29.4
12,Jurong (West),2021,6,13,60.0,32.4,54.2,59.4,28.0,31.3,23.5,7.5,30.6
13,Jurong (West),2021,6,14,4.0,2.2,3.2,4.0,27.4,32.1,24.2,5.3,43.5
14,Jurong (West),2021,6,15,55.6,26.8,41.8,54.8,26.2,31.9,22.7,5.7,32.0
15,Jurong (West),2021,6,16,0.0,0.0,0.0,0.0,27.2,30.9,24.3,5.9,30.2
16,Jurong (West),2021,6,17,0.0,0.0,0.0,0.0,28.5,33.3,25.2,6.4,26.7
17,Jurong (West),2021,6,18,20.4,7.0,11.4,14.0,26.1,28.7,23.9,4.9,32.4
18,Jurong (West),2021,6,19,0.4,0.4,0.4,0.4,27.5,31.6,25.3,4.7,24.8
19,Jurong (West),2021,6,20,27.2,21.6,24.2,24.8,27.2,32.0,22.7,5.9,31.7
20,Jurong (West),2021,6,21,0.0,0.0,0.0,0.4,28.2,32.7,23.9,5.5,23.3
21,Jurong (West),2021,6,22,6.6,6.4,6.6,6.6,27.7,30.7,23.5,6.3,35.2
22,Jurong (West),2021,6,23,0.2,0.2,0.2,0.2,28.0,31.7,23.5,8.2,35.9
23,Jurong (West),2021,6,24,0.8,0.4,0.6,0.8,28.5,32.2,26.1,6.3,24.8
24,Jurong (West),2021,6,25,1.6,1.2,1.2,1.2,27.8,31.4,24.5,5.8,25.9
25,Jurong (West),2021,6,26,10.8,7.8,8.2,10.8,27.1,30.7,23.8,6.4,30.9
26,Jurong (West),2021,6,27,40.0,20.2,34.4,39.8,27.1,29.1,23.7,5.8,25.2
27,Jurong (West),2021,6,28,0.0,0.0,0.0,0.0,28.5,32.7,25.4,6.4,27.0
28,Jurong (West),2021,6,29,29.6,20.2,23.0,23.8,26.8,30.7,23.1,6.8,31.7
29,Jurong (West),2021,6,30,0.0,0.4,0.8,23.2,27.6,31.7,23.3,7.6,30.9
0,Jurong (West),2019,3,1,0.0,0.0,0.0,0.0,28.1,32.3,25.3,10.1,40.7
1,Jurong (West),2019,3,2,0.0,0.0,0.0,0.0,28.1,33.4,25.0,8.6,26.3
2,Jurong (West),2019,3,3,0.4,0.4,0.4,0.4,27.9,34.2,24.7,7.9,27.4
3,Jurong (West),2019,3,4,0.0,0.0,0.0,0.0,27.6,33.3,24.6,8.3,31.7
4,Jurong (West),2019,3,5,0.0,0.0,0.0,0.0,28.3,32.9,25.2,7.6,26.6
5,Jurong (West),2019,3,6,0.0,0.0,0.0,0.0,28.2,32.6,26.0,7.6,29.2
6,Jurong (West),2019,3,7,21.4,21.4,21.4,21.4,28.2,33.7,23.4,5.4,35.3
7,Jurong (West),2019,3,8,0.0,0.0,0.0,0.0,28.7,34.2,26.0,6.1,23.4
8,Jurong (West),2019,3,9,0.4,0.4,0.4,0.4,28.5,34.5,25.4,7.2,32.0
9,Jurong (West),2019,3,10,0.0,0.0,0.0,0.0,28.5,33.9,26.0,7.6,31.7
10,Jurong (West),2019,3,11,20.6,11.8,17.2,19.4,26.3,33.7,22.6,6.5,42.5
11,Jurong (West),2019,3,12,0.2,0.2,0.2,0.2,27.8,33.2,24.3,7.9,37.4
12,Jurong (West),2019,3,13,3.0,2.4,2.6,3.0,28.5,34.8,25.8,7.2,23.8
13,Jurong (West),2019,3,14,0.0,0.0,0.0,0.0,28.4,33.7,24.7,7.9,26.6
14,Jurong (West),2019,3,15,0.0,0.0,0.0,0.0,28.2,34.5,24.3,6.1,28.1
15,Jurong (West),2019,3,16,8.0,6.0,7.6,8.0,27.1,33.5,24.0,7.2,34.2
16,Jurong (West),2019,3,17,0.0,0.0,0.0,0.0,28.0,33.5,24.7,7.9,26.3
17,Jurong (West),2019,3,18,0.0,0.0,0.0,0.0,28.5,34.8,24.1,7.6,29.2
18,Jurong (West),2019,3,19,0.0,0.0,0.0,0.0,28.7,34.1,25.0,7.6,28.8
19,Jurong (West),2019,3,20,0.0,0.0,0.0,0.0,28.9,33.4,26.0,7.9,28.4
20,Jurong (West),2019,3,21,23.4,10.8,19.2,20.2,27.6,33.8,23.8,8.6,35.6
21,Jurong (West),2019,3,22,0.0,0.0,0.0,0.0,28.5,34.2,24.8,6.5,26.6
22,Jurong (West),2019,3,23,0.0,0.0,0.0,0.0,29.2,34.0,26.7,6.1,28.8
23,Jurong (West),2019,3,24,2.6,2.4,2.6,2.6,28.4,33.7,24.6,6.1,33.1
24,Jurong (West),2019,3,25,13.4,9.6,13.2,13.2,27.8,33.8,24.6,6.5,29.5
25,Jurong (West),2019,3,26,0.0,0.0,0.0,0.0,29.1,33.3,26.1,9.0,31.7
26,Jurong (West),2019,3,27,0.0,0.0,0.0,0.0,29.4,34.9,25.9,7.9,34.2
27,Jurong (West),2019,3,28,22.2,15.8,21.0,22.2,27.4,33.8,23.3,6.1,32.4
28,Jurong (West),2019,3,29,0.0,0.0,0.0,0.0,28.7,33.7,24.6,5.8,23.0
29,Jurong (West),2019,3,30,8.4,6.4,8.0,8.4,26.9,31.2,22.2,5.4,44.3
30,Jurong (West),2019,3,31,0.0,0.0,0.0,0.0,28.6,32.2,25.7,5.4,24.5
0,Jurong (West),2020,3,1,0.0,0.0,0.0,0.0,28.2,34.0,24.8,9.4,30.2
1,Jurong (West),2020,3,2,0.0,0.0,0.0,0.0,28.0,33.8,24.3,9.0,30.6
2,Jurong (West),2020,3,3,0.0,0.0,0.0,0.0,28.2,32.6,25.0,10.1,33.8
3,Jurong (West),2020,3,4,1.4,0.8,1.0,1.4,27.8,33.8,25.3,7.9,29.9
4,Jurong (West),2020,3,5,11.0,8.8,10.2,11.0,26.8,30.1,24.7,6.5,28.1
5,Jurong (West),2020,3,6,0.2,0.2,0.2,0.2,27.4,31.4,24.4,5.4,22.7
6,Jurong (West),2020,3,7,9.8,7.6,9.2,9.6,27.3,33.5,23.5,5.8,43.6
7,Jurong (West),2020,3,8,5.6,5.6,5.6,5.6,27.6,33.9,25.2,6.5,27.7
8,Jurong (West),2020,3,9,0.0,0.0,0.0,0.0,28.6,33.8,25.6,5.0,22.7
9,Jurong (West),2020,3,10,0.0,0.0,0.0,0.0,28.9,34.3,26.0,6.5,28.1
10,Jurong (West),2020,3,11,1.4,1.4,1.4,1.4,28.7,33.2,26.0,7.6,28.4
11,Jurong (West),2020,3,12,0.0,0.0,0.0,0.0,28.4,33.4,25.3,8.3,31.3
12,Jurong (West),2020,3,13,0.0,0.0,0.0,0.0,29.1,34.5,25.5,7.2,23.8
13,Jurong (West),2020,3,14,0.0,0.0,0.0,0.0,29.1,33.5,26.4,7.6,27.4
14,Jurong (West),2020,3,15,0.0,0.0,0.0,0.0,29.0,33.6,26.4,8.6,30.6
15,Jurong (West),2020,3,16,0.0,0.0,0.0,0.0,28.6,32.8,26.6,9.4,38.2
16,Jurong (West),2020,3,17,0.0,0.0,0.0,0.0,28.6,33.2,25.5,10.4,34.9
17,Jurong (West),2020,3,18,10.8,9.0,9.4,10.6,27.5,33.3,24.3,7.6,33.5
18,Jurong (West),2020,3,19,0.0,0.0,0.0,0.0,28.1,33.3,25.0,5.8,23.0
19,Jurong (West),2020,3,20,0.0,0.0,0.0,0.0,28.1,33.4,25.9,6.8,26.6
20,Jurong (West),2020,3,21,11.2,6.6,7.8,10.8,27.6,32.9,25.1,6.8,28.1
21,Jurong (West),2020,3,22,22.6,15.0,19.8,22.4,26.9,33.4,22.0,5.4,45.4
22,Jurong (West),2020,3,23,25.4,15.2,19.8,20.2,25.7,29.8,23.6,5.0,35.6
23,Jurong (West),2020,3,24,0.0,0.0,0.0,0.0,27.8,33.8,24.5,6.8,33.8
24,Jurong (West),2020,3,25,26.0,20.6,20.8,26.0,27.3,33.5,24.1,5.4,31.3
25,Jurong (West),2020,3,26,1.4,1.4,1.4,1.4,28.1,33.6,25.3,6.5,25.2
26,Jurong (West),2020,3,27,10.4,5.6,8.0,10.0,27.7,34.3,24.6,5.8,31.7
27,Jurong (West),2020,3,28,0.0,0.0,0.0,0.0,28.7,34.7,25.2,6.5,23.4
28,Jurong (West),2020,3,29,0.0,0.0,0.0,0.0,28.9,34.4,26.1,7.2,25.6
29,Jurong (West),2020,3,30,0.0,0.0,0.0,0.0,28.9,33.3,25.9,6.8,26.3
30,Jurong (West),2020,3,31,0.0,0.0,0.0,0.0,29.4,35.0,26.4,6.1,23.8
0,Jurong (West),2021,3,1,0.0,0.0,0.0,0.0,27.9,33.1,25.0,7.2,24.1
1,Jurong (West),2021,3,2,0.0,0.0,0.0,0.0,27.9,34.0,24.5,8.3,33.2
2,Jurong (West),2021,3,3,0.0,0.0,0.0,0.0,28.0,33.8,25.0,7.3,27.0
3,Jurong (West),2021,3,4,0.0,0.0,0.0,0.0,28.2,33.6,24.8,9.2,33.9
4,Jurong (West),2021,3,5,0.0,0.0,0.0,0.0,28.5,33.5,25.9,8.3,30.2
5,Jurong (West),2021,3,6,0.0,0.0,0.0,0.0,27.8,33.0,25.4,8.6,27.4
6,Jurong (West),2021,3,7,28.0,11.0,17.0,23.0,25.6,31.3,23.5,7.2,50.7
7,Jurong (West),2021,3,8,0.0,0.0,0.0,0.0,27.0,33.5,23.2,6.4,25.2
8,Jurong (West),2021,3,9,0.0,0.0,0.0,0.0,27.5,33.7,24.2,8.6,33.5
9,Jurong (West),2021,3,10,0.0,0.0,0.0,0.0,27.6,33.6,23.6,9.4,37.8
10,Jurong (West),2021,3,11,0.0,0.0,0.0,0.0,27.5,32.8,24.3,9.0,28.2
11,Jurong (West),2021,3,12,7.6,3.8,4.4,4.4,25.7,29.4,23.1,6.0,36.3
12,Jurong (West),2021,3,13,14.4,10.0,11.8,12.2,25.8,31.6,23.4,6.2,24.1
13,Jurong (West),2021,3,14,3.2,2.6,2.8,3.2,26.7,32.6,24.4,6.1,24.1
14,Jurong (West),2021,3,15,18.4,17.8,18.4,18.4,27.0,32.4,22.8,7.3,27.8
15,Jurong (West),2021,3,16,6.8,4.4,4.6,4.6,27.0,32.8,24.6,6.6,29.1
16,Jurong (West),2021,3,17,3.8,3.6,3.8,3.8,26.4,32.1,24.4,5.6,32.0
17,Jurong (West),2021,3,18,52.8,28.6,43.2,51.6,26.2,32.9,22.9,6.5,33.5
18,Jurong (West),2021,3,19,0.0,0.0,0.0,0.0,27.9,33.2,24.9,6.1,27.0
19,Jurong (West),2021,3,20,3.2,2.8,3.2,3.2,27.4,33.2,25.4,5.5,23.3
20,Jurong (West),2021,3,21,5.6,2.6,4.2,5.4,27.2,34.7,24.2,6.1,25.9
21,Jurong (West),2021,3,22,0.4,0.4,0.4,0.4,27.6,33.8,25.0,7.3,35.9
22,Jurong (West),2021,3,23,99.2,30.4,52.8,78.8,25.9,32.2,23.2,6.1,38.9
23,Jurong (West),2021,3,24,28.8,24.8,25.8,26.0,25.0,31.3,23.8,5.7,34.6
24,Jurong (West),2021,3,25,0.0,0.0,0.0,0.0,25.8,28.5,23.6,6.1,26.7
25,Jurong (West),2021,3,26,0.0,0.0,0.0,0.0,27.8,33.2,25.2,5.7,24.4
26,Jurong (West),2021,3,27,12.0,8.2,10.6,10.6,26.0,30.4,22.9,5.6,38.5
27,Jurong (West),2021,3,28,0.0,0.0,0.0,0.0,27.4,31.4,24.1,4.8,26.3
28,Jurong (West),2021,3,29,9.8,6.0,7.0,7.8,26.2,30.8,23.8,4.9,23.3
29,Jurong (West),2021,3,30,0.0,0.2,0.2,0.2,28.0,33.8,24.7,6.3,28.9
30,Jurong (West),2021,3,31,34.6,19.0,25.6,33.0,27.9,31.8,23.0,9.9,42.4
0,Jurong (West),2019,5,1,0.0,0.0,0.0,0.0,29.0,32.6,26.1,5.8,27.0
1,Jurong (West),2019,5,2,0.0,0.0,0.0,0.0,29.5,33.0,27.5,5.4,23.0
2,Jurong (West),2019,5,3,0.0,0.0,0.0,0.0,29.4,33.9,26.8,5.8,22.0
3,Jurong (West),2019,5,4,16.0,13.8,16.0,16.0,28.4,31.5,24.5,5.0,28.1
4,Jurong (West),2019,5,5,5.2,2.8,2.8,2.8,27.4,30.0,24.7,10.1,40.3
5,Jurong (West),2019,5,6,0.0,0.0,0.0,0.0,29.1,31.9,27.4,11.2,36.4
6,Jurong (West),2019,5,7,0.6,0.6,0.6,0.6,29.4,33.3,27.2,7.9,36.7
7,Jurong (West),2019,5,8,63.4,31.0,37.2,39.0,26.5,29.4,23.0,6.5,43.2
8,Jurong (West),2019,5,9,0.0,0.0,0.0,0.0,28.6,32.0,26.0,8.3,37.8
9,Jurong (West),2019,5,10,6.2,4.0,4.2,6.0,28.8,32.7,22.9,7.9,46.1
10,Jurong (West),2019,5,11,0.0,0.0,0.0,0.0,28.7,31.5,26.9,4.7,26.6
11,Jurong (West),2019,5,12,0.0,0.0,0.0,0.0,29.1,32.3,27.4,5.0,23.0
12,Jurong (West),2019,5,13,30.2,14.6,15.0,15.4,27.4,32.1,24.7,5.4,24.1
13,Jurong (West),2019,5,14,3.8,2.4,2.8,2.8,28.0,33.4,25.3,6.1,27.0
14,Jurong (West),2019,5,15,13.2,8.0,8.0,8.0,27.7,31.8,24.5,5.8,28.8
15,Jurong (West),2019,5,16,10.0,4.2,7.4,9.6,27.3,30.6,24.4,5.8,24.8
16,Jurong (West),2019,5,17,0.4,0.2,0.2,0.4,27.0,29.1,24.9,7.2,33.5
17,Jurong (West),2019,5,18,0.0,0.0,0.0,0.0,28.6,31.3,26.0,7.2,26.3
18,Jurong (West),2019,5,19,7.4,5.4,7.2,7.4,27.0,29.1,23.0,5.4,46.4
19,Jurong (West),2019,5,20,0.4,0.2,0.2,0.4,27.9,30.4,25.4,6.1,33.1
20,Jurong (West),2019,5,21,23.4,21.0,22.4,22.4,27.2,30.6,24.8,5.8,37.4
21,Jurong (West),2019,5,22,6.2,5.8,5.8,6.0,26.8,30.6,23.7,4.7,39.6
22,Jurong (West),2019,5,23,0.0,0.0,0.0,0.0,28.5,31.9,25.3,7.2,29.2
23,Jurong (West),2019,5,24,0.0,0.0,0.0,0.0,29.5,33.1,26.1,6.8,26.3
24,Jurong (West),2019,5,25,5.2,4.6,4.6,4.6,28.7,32.0,26.8,7.6,33.5
25,Jurong (West),2019,5,26,0.2,0.2,0.2,0.2,29.5,32.6,27.1,7.6,29.2
26,Jurong (West),2019,5,27,0.0,0.0,0.0,0.0,29.6,32.8,28.1,10.1,42.5
27,Jurong (West),2019,5,28,0.0,0.0,0.0,0.0,29.6,32.4,28.1,10.1,43.2
28,Jurong (West),2019,5,29,10.4,10.2,10.4,10.4,28.9,33.2,25.4,6.1,26.3
29,Jurong (West),2019,5,30,9.2,4.0,5.8,7.2,26.8,30.7,24.8,5.0,28.4
30,Jurong (West),2019,5,31,0.2,0.2,0.2,0.2,27.8,31.9,25.7,5.0,22.7
0,Jurong (West),2020,5,1,12.6,4.0,5.8,10.4,26.6,30.3,24.4,6.5,26.7
1,Jurong (West),2020,5,2,0.0,0.0,0.0,0.0,28.0,31.3,25.6,4.7,16.9
2,Jurong (West),2020,5,3,1.6,0.8,0.8,1.4,28.2,32.7,25.0,5.4,29.1
3,Jurong (West),2020,5,4,2.8,1.2,1.6,2.2,27.5,30.0,26.0,4.4,15.6
4,Jurong (West),2020,5,5,0.0,0.0,0.0,0.0,28.4,33.8,25.4,5.2,29.8
5,Jurong (West),2020,5,6,6.4,4.6,6.2,6.4,28.0,31.2,24.0,6.1,37.4
6,Jurong (West),2020,5,7,0.0,0.0,0.0,0.0,29.6,34.0,26.8,5.5,25.2
7,Jurong (West),2020,5,8,23.2,11.6,18.0,22.6,28.6,32.2,24.6,8.0,33.5
8,Jurong (West),2020,5,9,0.0,0.0,0.0,0.0,30.5,34.1,28.2,8.4,26.7
9,Jurong (West),2020,5,10,5.6,5.6,5.6,5.6,29.2,32.3,26.7,9.5,32.4
10,Jurong (West),2020,5,11,7.0,5.8,6.8,6.8,28.9,31.8,25.3,7.8,31.3
11,Jurong (West),2020,5,12,8.4,8.4,8.4,8.4,29.5,33.0,26.7,7.2,32.0
12,Jurong (West),2020,5,13,25.4,16.0,24.2,24.4,27.4,30.9,23.8,6.9,43.5
13,Jurong (West),2020,5,14,0.0,0.0,0.0,0.0,28.6,33.7,25.6,6.0,29.8
14,Jurong (West),2020,5,15,0.0,0.0,0.0,0.0,29.4,33.1,26.3,7.2,27.8
15,Jurong (West),2020,5,16,1.4,1.2,1.2,1.4,29.7,33.6,27.7,7.8,28.5
16,Jurong (West),2020,5,17,39.4,25.6,30.0,32.8,27.9,31.7,23.9,6.4,42.8
17,Jurong (West),2020,5,18,3.4,3.0,3.0,3.0,28.9,33.1,25.2,6.2,24.8
18,Jurong (West),2020,5,19,0.0,0.0,0.0,0.0,30.4,34.1,28.1,5.5,23.0
19,Jurong (West),2020,5,20,13.4,12.8,12.8,13.0,28.1,31.2,24.2,6.0,34.6
20,Jurong (West),2020,5,21,0.6,0.6,0.6,0.6,28.4,34.3,26.0,5.0,28.5
21,Jurong (West),2020,5,22,51.4,23.2,32.4,33.8,27.2,32.6,22.8,5.0,35.0
22,Jurong (West),2020,5,23,0.2,0.2,0.2,0.2,26.9,29.9,25.3,5.1,21.3
23,Jurong (West),2020,5,24,0.0,0.0,0.0,0.0,28.5,32.8,25.7,5.0,16.9
24,Jurong (West),2020,5,25,19.0,9.8,15.2,18.4,28.6,34.5,26.0,5.4,26.3
25,Jurong (West),2020,5,26,6.8,6.4,6.8,6.8,28.1,33.8,25.9,5.3,30.6
26,Jurong (West),2020,5,27,0.4,0.2,0.2,0.2,27.8,31.5,25.8,5.2,42.0
27,Jurong (West),2020,5,28,0.4,0.2,0.4,0.4,29.0,33.6,26.5,6.2,25.9
28,Jurong (West),2020,5,29,1.8,1.4,1.4,1.6,27.6,31.2,26.1,5.5,27.4
29,Jurong (West),2020,5,30,0.4,0.4,0.4,0.4,26.9,32.5,24.7,5.1,28.2
30,Jurong (West),2020,5,31,0.0,0.0,0.0,0.0,28.2,32.7,25.7,5.8,25.2
0,Jurong (West),2021,5,1,23.0,21.2,21.4,21.4,27.5,33.0,24.6,5.8,23.0
1,Jurong (West),2021,5,2,0.0,0.0,0.8,1.6,29.0,33.7,25.5,7.0,26.7
2,Jurong (West),2021,5,3,0.0,0.0,0.0,0.0,28.6,33.3,25.8,5.4,28.5
3,Jurong (West),2021,5,4,18.4,17.6,18.0,18.4,27.5,33.6,23.4,5.1,30.9
4,Jurong (West),2021,5,5,29.0,26.2,28.2,28.6,26.4,33.5,23.1,5.5,33.5
5,Jurong (West),2021,5,6,3.4,2.4,2.4,2.4,26.8,30.2,25.0,4.1,16.9
6,Jurong (West),2021,5,7,16.4,13.6,16.4,16.4,27.4,32.6,24.1,5.0,28.5
7,Jurong (West),2021,5,8,15.6,14.2,14.8,15.0,27.2,31.5,24.6,4.8,28.2
8,Jurong (West),2021,5,9,0.0,0.0,0.4,0.6,27.8,33.3,25.4,5.1,22.6
9,Jurong (West),2021,5,10,0.0,0.0,0.0,0.0,29.2,33.8,26.2,6.1,23.7
10,Jurong (West),2021,5,11,1.4,1.4,1.4,1.4,29.4,34.9,26.1,6.4,28.5
11,Jurong (West),2021,5,12,70.8,34.0,52.6,64.0,26.9,30.7,25.0,5.2,27.4
12,Jurong (West),2021,5,13,3.6,3.6,3.6,3.6,28.6,33.3,25.5,6.2,23.7
13,Jurong (West),2021,5,14,4.2,1.8,1.8,1.8,28.0,31.6,24.8,5.4,31.3
14,Jurong (West),2021,5,15,8.2,4.2,5.4,8.0,27.5,31.7,24.3,6.2,31.3
15,Jurong (West),2021,5,16,3.4,3.4,3.4,3.4,29.2,32.9,26.1,4.6,21.7
16,Jurong (West),2021,5,17,88.6,22.6,28.0,29.0,27.0,30.2,23.2,5.5,34.6
17,Jurong (West),2021,5,18,31.6,16.6,26.2,32.0,26.0,29.3,23.8,6.5,27.8
18,Jurong (West),2021,5,19,0.2,0.2,0.2,0.2,27.5,30.1,25.4,4.3,13.3
19,Jurong (West),2021,5,20,0.0,0.0,0.0,0.0,28.8,32.6,25.5,5.2,22.6
20,Jurong (West),2021,5,21,58.0,19.8,32.2,47.4,27.0,30.8,24.0,6.3,35.6
21,Jurong (West),2021,5,22,1.2,1.2,1.2,1.2,27.0,29.5,25.0,6.9,30.2
22,Jurong (West),2021,5,23,0.0,0.0,0.0,0.0,29.3,33.3,26.7,7.6,23.3
23,Jurong (West),2021,5,24,0.0,0.0,0.0,0.0,30.1,33.3,26.9,7.2,24.1
24,Jurong (West),2021,5,25,0.0,0.0,0.0,0.0,30.0,33.4,27.6,9.4,35.6
25,Jurong (West),2021,5,26,0.0,0.0,0.0,0.0,29.7,33.3,28.0,7.3,24.1
26,Jurong (West),2021,5,27,4.0,2.2,2.2,4.0,28.1,31.1,26.5,4.8,22.0
27,Jurong (West),2021,5,28,0.0,0.0,0.0,0.0,28.2,34.1,25.3,5.1,25.2
28,Jurong (West),2021,5,29,6.0,4.4,4.4,4.4,27.6,31.0,23.4,6.6,30.6
29,Jurong (West),2021,5,30,0.0,0.0,0.0,0.0,29.1,33.7,25.7,5.7,25.6
30,Jurong (West),2021,5,31,3.2,2.6,2.8,2.8,28.4,32.0,24.2,5.5,31.3
0,Jurong (West),2019,11,1,0.0,0.0,0.0,0.0,27.6,31.6,24.2,8.3,48.6
1,Jurong (West),2019,11,2,29.8,26.8,29.6,29.8,28.5,33.1,23.5,5.4,32.4
2,Jurong (West),2019,11,3,3.4,2.8,3.0,3.4,27.1,31.5,23.6,6.1,30.6
3,Jurong (West),2019,11,4,0.0,0.0,0.0,0.0,28.2,32.1,25.1,5.4,27.7
4,Jurong (West),2019,11,5,0.2,0.2,0.2,0.2,27.8,31.4,25.6,4.7,16.9
5,Jurong (West),2019,11,6,0.0,0.0,0.0,0.0,28.8,32.8,25.7,6.8,29.5
6,Jurong (West),2019,11,7,0.0,0.0,0.0,0.0,29.4,34.0,25.9,6.1,22.0
7,Jurong (West),2019,11,8,15.4,7.8,11.2,14.6,26.7,30.2,22.5,8.6,47.5
8,Jurong (West),2019,11,9,0.0,0.0,0.0,0.0,28.1,33.1,25.6,6.1,28.1
9,Jurong (West),2019,11,10,0.2,0.2,0.2,0.2,27.9,32.2,24.0,7.2,43.9
10,Jurong (West),2019,11,11,9.0,8.8,8.8,8.8,27.5,30.4,23.1,6.5,29.2
11,Jurong (West),2019,11,12,28.4,25.0,28.0,28.4,26.7,30.3,23.8,5.4,33.8
12,Jurong (West),2019,11,13,0.0,0.0,0.0,0.0,27.8,33.0,24.8,5.4,22.3
13,Jurong (West),2019,11,14,0.2,0.2,0.2,0.2,27.3,30.2,25.4,6.8,25.9
14,Jurong (West),2019,11,15,0.6,0.4,0.4,0.6,26.4,29.3,25.1,5.4,25.6
15,Jurong (West),2019,11,16,0.0,0.0,0.0,0.0,27.0,32.5,24.8,5.4,22.3
16,Jurong (West),2019,11,17,0.0,0.0,0.0,0.0,28.4,34.2,24.8,6.5,30.2
17,Jurong (West),2019,11,18,21.6,15.4,21.2,21.6,27.8,34.5,23.8,5.4,25.9
18,Jurong (West),2019,11,19,3.2,3.2,3.2,3.2,26.9,30.8,25.1,5.8,32.4
19,Jurong (West),2019,11,20,4.2,2.6,3.2,3.4,25.8,30.1,24.5,5.0,37.8
20,Jurong (West),2019,11,21,0.0,0.0,0.0,0.0,26.0,29.3,24.5,6.5,28.1
21,Jurong (West),2019,11,22,5.0,2.2,3.0,3.6,25.7,31.2,24.3,6.1,19.8
22,Jurong (West),2019,11,23,31.4,17.6,26.4,27.0,25.8,31.9,23.5,6.8,28.4
23,Jurong (West),2019,11,24,4.4,2.2,3.0,3.2,25.9,32.3,24.2,6.5,26.6
24,Jurong (West),2019,11,25,68.4,38.6,58.2,66.8,27.0,33.8,22.9,5.8,39.6
25,Jurong (West),2019,11,26,0.8,0.8,0.8,0.8,27.6,32.8,24.5,7.9,30.2
26,Jurong (West),2019,11,27,33.4,17.6,31.8,33.2,26.6,32.5,23.4,5.8,39.2
27,Jurong (West),2019,11,28,0.4,0.4,0.4,0.4,27.2,31.9,24.7,6.5,40.0
28,Jurong (West),2019,11,29,23.2,4.8,9.0,15.0,26.0,32.8,24.1,6.5,27.4
29,Jurong (West),2019,11,30,7.6,4.8,7.2,7.4,26.7,33.6,24.5,6.1,32.8
0,Jurong (West),2020,11,1,0.0,0.0,0.0,0.0,26.9,31.0,24.1,8.3,27.4
1,Jurong (West),2020,11,2,0.0,0.0,0.0,0.0,26.7,32.6,24.2,6.5,28.9
2,Jurong (West),2020,11,3,1.0,1.0,1.0,1.0,27.2,30.9,25.2,4.5,18.7
3,Jurong (West),2020,11,4,22.8,9.4,13.6,16.4,24.9,26.4,23.3,4.9,43.5
4,Jurong (West),2020,11,5,0.0,0.0,0.0,0.0,27.9,32.6,24.5,5.3,21.7
5,Jurong (West),2020,11,6,0.0,0.0,0.0,0.0,28.6,32.3,25.9,5.7,23.0
6,Jurong (West),2020,11,7,10.8,6.8,7.8,8.2,25.4,27.8,24.0,5.1,27.0
7,Jurong (West),2020,11,8,1.6,0.6,0.6,0.8,25.8,28.9,23.4,6.1,33.5
8,Jurong (West),2020,11,9,0.0,0.0,0.0,0.0,26.5,29.9,24.2,6.2,20.9
9,Jurong (West),2020,11,10,1.6,1.2,1.2,1.4,26.9,29.7,24.7,4.9,24.1
10,Jurong (West),2020,11,11,0.0,0.0,0.0,0.0,28.4,32.6,25.1,6.6,25.9
11,Jurong (West),2020,11,12,0.0,0.0,0.0,0.0,29.4,33.5,27.1,8.2,27.0
12,Jurong (West),2020,11,13,0.2,0.2,0.2,0.2,28.5,33.1,25.9,6.3,23.7
13,Jurong (West),2020,11,14,1.8,1.8,1.8,1.8,27.3,32.0,25.7,6.4,24.4
14,Jurong (West),2020,11,15,38.0,23.0,25.6,25.8,26.5,32.7,22.8,6.5,32.0
15,Jurong (West),2020,11,16,4.8,2.2,3.2,4.4,27.5,32.4,24.5,8.0,30.2
16,Jurong (West),2020,11,17,18.0,17.0,18.0,18.0,26.2,31.8,23.5,5.2,33.5
17,Jurong (West),2020,11,18,0.0,0.0,0.0,0.0,27.7,33.4,24.4,5.2,20.9
18,Jurong (West),2020,11,19,23.2,15.0,22.0,23.2,26.8,31.2,24.1,5.0,35.0
19,Jurong (West),2020,11,20,49.2,45.4,49.0,49.0,26.5,32.0,23.6,5.6,45.7
20,Jurong (West),2020,11,21,11.8,3.2,5.6,8.2,25.8,30.9,23.5,5.7,29.4
21,Jurong (West),2020,11,22,16.2,10.8,11.4,12.4,25.6,30.9,23.8,6.5,30.9
22,Jurong (West),2020,11,23,9.8,6.0,6.8,9.6,25.1,29.3,23.4,5.4,26.3
23,Jurong (West),2020,11,24,0.0,0.0,0.0,0.0,25.0,28.3,23.8,5.1,20.6
24,Jurong (West),2020,11,25,8.6,5.8,8.2,8.6,25.8,30.1,23.5,5.4,19.1
25,Jurong (West),2020,11,26,5.6,4.0,4.2,5.0,25.5,27.6,24.2,5.0,16.1
26,Jurong (West),2020,11,27,1.2,1.0,1.0,1.0,27.0,31.1,24.7,5.3,20.2
27,Jurong (West),2020,11,28,0.8,0.8,0.8,0.8,25.7,28.1,22.6,5.5,35.2
28,Jurong (West),2020,11,29,0.0,0.0,0.0,0.0,27.1,31.1,24.2,5.7,21.7
29,Jurong (West),2020,11,30,3.8,3.8,3.8,3.8,27.2,31.2,25.4,5.5,22.0
0,Jurong (West),2021,11,1,23.0,21.4,22.2,23.0,25.8,30.6,22.5,5.7,38.5
1,Jurong (West),2021,11,2,15.6,6.8,10.6,13.4,25.3,30.5,23.2,6.7,34.6
2,Jurong (West),2021,11,3,6.4,2.6,4.6,5.6,26.1,30.2,23.9,5.7,20.2
3,Jurong (West),2021,11,4,14.8,11.0,14.0,14.2,26.7,31.9,24.2,6.2,25.2
4,Jurong (West),2021,11,5,2.0,0.8,1.2,1.8,26.4,31.3,24.1,6.4,25.9
5,Jurong (West),2021,11,6,0.2,0.2,0.2,0.2,27.9,32.0,24.5,5.0,20.9
6,Jurong (West),2021,11,7,7.6,6.4,6.4,7.6,27.3,31.0,25.7,5.0,23.7
7,Jurong (West),2021,11,8,0.0,0.0,0.0,0.0,27.1,29.6,24.8,4.9,24.4
8,Jurong (West),2021,11,9,32.6,25.8,30.0,30.8,26.5,33.2,22.9,6.6,47.2
9,Jurong (West),2021,11,10,13.0,5.6,7.8,10.2,25.3,28.6,23.0,10.1,38.9
10,Jurong (West),2021,11,11,0.4,0.2,0.2,0.2,27.0,29.7,24.0,11.0,44.6
11,Jurong (West),2021,11,12,2.6,1.8,2.2,2.4,26.8,30.2,23.1,8.7,35.0
12,Jurong (West),2021,11,13,7.6,5.8,6.2,6.8,26.4,28.7,22.5,6.7,58.3
13,Jurong (West),2021,11,14,0.0,0.0,0.0,0.0,28.1,32.5,24.6,6.5,23.7
14,Jurong (West),2021,11,15,0.0,0.0,0.0,0.0,27.6,30.9,26.1,6.4,27.0
15,Jurong (West),2021,11,16,0.4,0.4,0.4,0.4,28.3,33.4,25.2,5.0,21.3
16,Jurong (West),2021,11,17,0.0,0.0,0.0,0.0,27.7,31.2,25.5,6.0,35.6
17,Jurong (West),2021,11,18,28.6,14.8,22.8,25.2,26.1,29.5,22.7,6.0,28.2
18,Jurong (West),2021,11,19,0.0,0.0,0.0,0.0,27.6,30.3,25.0,6.5,25.9
19,Jurong (West),2021,11,20,14.8,12.0,12.0,13.0,26.1,28.6,22.5,5.8,38.9
20,Jurong (West),2021,11,21,0.0,0.0,0.0,0.0,27.8,33.3,25.4,5.9,31.7
21,Jurong (West),2021,11,22,4.2,3.6,4.2,4.2,27.8,31.6,24.3,7.0,25.2
22,Jurong (West),2021,11,23,12.8,10.6,11.6,12.2,26.4,31.1,24.5,4.9,23.0
23,Jurong (West),2021,11,24,6.2,2.2,3.4,4.6,25.4,26.2,24.4,4.1,19.1
24,Jurong (West),2021,11,25,0.2,0.2,0.2,0.2,27.5,32.5,24.3,4.9,18.7
25,Jurong (West),2021,11,26,0.0,0.0,0.0,0.0,27.0,30.3,24.3,8.7,34.3
26,Jurong (West),2021,11,27,0.8,0.6,0.8,0.8,27.4,32.3,24.8,6.6,29.4
27,Jurong (West),2021,11,28,0.0,0.0,0.0,0.0,27.4,29.8,25.2,6.8,24.8
28,Jurong (West),2021,11,29,0.0,0.0,0.0,0.0,28.1,31.5,24.7,10.5,38.9
29,Jurong (West),2021,11,30,0.0,0.0,0.0,0.0,29.2,32.7,26.0,7.4,28.5
0,Jurong (West),2019,10,1,0.8,0.8,0.8,0.8,26.7,30.2,24.5,5.0,29.5
1,Jurong (West),2019,10,2,1.6,0.6,1.2,1.6,26.1,31.6,23.2,6.1,28.8
2,Jurong (West),2019,10,3,0.2,0.2,0.2,0.2,26.8,30.8,23.2,5.8,25.9
3,Jurong (West),2019,10,4,3.6,2.8,3.0,3.0,27.1,30.9,24.7,5.8,23.8
4,Jurong (West),2019,10,5,0.0,0.0,0.0,0.0,28.1,33.1,23.9,7.9,46.4
5,Jurong (West),2019,10,6,0.0,0.0,0.0,0.0,27.8,33.0,24.1,6.5,29.5
6,Jurong (West),2019,10,7,2.0,1.6,1.8,1.8,26.9,33.4,24.7,5.0,31.3
7,Jurong (West),2019,10,8,2.8,1.6,1.6,2.8,26.6,31.4,24.4,5.0,25.2
8,Jurong (West),2019,10,9,32.4,29.8,32.4,32.4,26.6,30.0,23.3,5.0,38.2
9,Jurong (West),2019,10,10,21.8,20.8,20.8,21.6,26.4,31.9,23.6,5.0,29.5
10,Jurong (West),2019,10,11,0.0,0.0,0.0,0.0,27.9,33.3,23.9,5.8,32.0
11,Jurong (West),2019,10,12,10.8,5.2,8.8,9.2,27.2,32.5,24.5,5.0,31.7
12,Jurong (West),2019,10,13,17.0,11.4,13.0,13.0,27.4,33.6,23.6,5.8,33.1
13,Jurong (West),2019,10,14,0.0,0.0,0.0,0.0,28.1,34.1,24.8,6.1,30.6
14,Jurong (West),2019,10,15,5.8,2.8,4.8,5.8,27.2,31.3,24.7,5.0,24.8
15,Jurong (West),2019,10,16,7.4,4.8,7.2,7.4,28.0,33.0,25.1,5.8,25.6
16,Jurong (West),2019,10,17,12.0,9.6,10.2,12.0,26.8,32.8,23.7,5.0,38.9
17,Jurong (West),2019,10,18,5.6,4.4,4.8,5.0,26.9,29.6,24.8,5.8,23.8
18,Jurong (West),2019,10,19,0.0,0.0,0.0,0.0,28.0,33.0,25.0,6.5,34.9
19,Jurong (West),2019,10,20,3.6,3.4,3.4,3.4,27.9,32.5,25.0,6.8,31.0
20,Jurong (West),2019,10,21,7.4,3.4,3.4,5.0,27.3,33.6,23.7,4.3,36.0
21,Jurong (West),2019,10,22,26.0,12.0,13.4,14.4,24.9,26.6,23.4,5.8,28.4
22,Jurong (West),2019,10,23,0.6,0.2,0.4,0.4,26.8,32.1,23.6,5.4,24.5
23,Jurong (West),2019,10,24,0.0,0.0,0.0,0.0,27.6,31.6,24.9,5.4,27.7
24,Jurong (West),2019,10,25,16.0,16.0,16.0,16.0,27.5,33.1,23.4,6.8,46.4
25,Jurong (West),2019,10,26,7.4,5.6,6.6,7.4,26.3,33.5,24.2,4.7,23.4
26,Jurong (West),2019,10,27,2.4,1.4,1.6,1.8,26.5,33.8,23.7,6.5,27.4
27,Jurong (West),2019,10,28,0.0,0.0,0.0,0.0,26.4,30.1,24.4,6.5,24.5
28,Jurong (West),2019,10,29,0.0,0.0,0.0,0.0,27.9,32.9,25.0,6.1,26.6
29,Jurong (West),2019,10,30,0.0,0.0,0.0,0.0,27.6,31.1,25.1,6.5,35.3
30,Jurong (West),2019,10,31,0.0,0.0,0.0,0.0,27.4,31.3,25.0,6.1,32.8
0,Jurong (West),2020,10,1,11.6,7.6,10.4,10.6,26.4,28.1,23.7,5.3,25.6
1,Jurong (West),2020,10,2,43.4,26.4,33.6,43.0,27.0,31.0,22.7,6.5,26.7
2,Jurong (West),2020,10,3,6.8,6.4,31.0,44.4,27.1,31.6,23.2,10.3,35.9
3,Jurong (West),2020,10,4,0.0,0.0,0.0,0.0,28.3,30.2,26.5,6.4,24.1
4,Jurong (West),2020,10,5,0.0,0.0,0.0,0.0,28.4,32.4,26.0,6.2,26.3
5,Jurong (West),2020,10,6,0.0,0.0,0.0,0.0,28.3,31.5,25.8,7.6,27.0
6,Jurong (West),2020,10,7,13.2,11.2,12.4,12.4,27.1,31.4,23.8,8.5,43.2
7,Jurong (West),2020,10,8,22.2,10.0,11.8,12.6,26.2,30.4,24.1,10.3,39.6
8,Jurong (West),2020,10,9,0.0,0.0,0.0,0.0,27.5,29.0,26.3,7.8,27.4
9,Jurong (West),2020,10,10,9.0,7.2,7.4,8.6,27.5,29.5,23.5,7.4,41.1
10,Jurong (West),2020,10,11,9.2,3.8,4.8,8.6,27.3,30.5,23.4,8.6,41.1
11,Jurong (West),2020,10,12,0.0,0.0,0.0,0.0,28.0,30.2,26.1,12.0,48.5
12,Jurong (West),2020,10,13,0.0,0.0,0.0,0.0,28.8,31.7,26.2,7.8,34.3
13,Jurong (West),2020,10,14,8.8,7.6,8.4,8.8,28.4,31.4,23.2,8.2,46.5
14,Jurong (West),2020,10,15,1.2,0.6,1.0,1.0,28.2,32.2,24.3,8.9,31.3
15,Jurong (West),2020,10,16,1.2,1.2,1.2,1.2,28.9,33.1,24.5,8.5,41.9
16,Jurong (West),2020,10,17,0.0,0.0,0.0,0.0,29.6,32.5,27.5,7.4,23.7
17,Jurong (West),2020,10,18,8.0,7.8,8.0,8.0,28.2,32.1,22.9,7.1,30.2
18,Jurong (West),2020,10,19,0.0,0.0,0.0,0.0,28.5,32.0,24.5,7.0,40.7
19,Jurong (West),2020,10,20,0.0,0.0,0.0,0.0,27.0,30.4,26.0,5.1,29.8
20,Jurong (West),2020,10,21,0.2,0.2,0.2,0.2,28.3,32.5,25.1,6.4,27.8
21,Jurong (West),2020,10,22,22.4,7.6,14.6,17.8,26.3,29.4,23.3,11.0,42.8
22,Jurong (West),2020,10,23,0.0,0.0,0.0,0.0,28.0,30.8,26.1,6.5,22.0
23,Jurong (West),2020,10,24,5.4,3.2,3.2,5.0,27.3,30.0,24.5,4.9,34.3
24,Jurong (West),2020,10,25,5.8,4.0,4.0,5.4,27.4,30.9,22.7,7.5,43.2
25,Jurong (West),2020,10,26,0.2,0.2,0.2,0.2,27.0,29.2,24.2,6.4,28.5
26,Jurong (West),2020,10,27,0.0,0.0,0.0,0.0,29.0,32.1,26.1,7.5,36.7
27,Jurong (West),2020,10,28,2.8,2.4,2.4,2.4,27.7,29.6,24.9,5.2,30.2
28,Jurong (West),2020,10,29,0.0,0.0,0.0,0.0,28.2,31.1,25.5,6.9,29.1
29,Jurong (West),2020,10,30,0.0,0.0,0.0,0.0,28.3,32.0,24.9,5.9,21.3
30,Jurong (West),2020,10,31,42.8,25.8,27.0,39.8,26.9,32.7,22.9,5.8,42.8
0,Jurong (West),2021,10,1,21.2,4.0,6.4,10.6,26.8,30.6,23.3,9.6,52.2
1,Jurong (West),2021,10,2,7.0,6.8,7.2,7.6,26.1,29.2,22.7,6.5,28.5
2,Jurong (West),2021,10,3,0.0,0.0,0.0,0.0,27.5,32.5,24.6,4.8,18.3
3,Jurong (West),2021,10,4,0.0,0.0,0.0,0.0,28.7,33.1,25.3,5.0,23.0
4,Jurong (West),2021,10,5,0.8,0.6,0.8,0.8,27.0,28.1,22.4,7.3,56.1
5,Jurong (West),2021,10,6,0.0,0.0,0.0,0.0,28.4,31.6,25.8,10.8,36.3
6,Jurong (West),2021,10,7,0.0,0.0,0.0,0.0,28.2,31.6,25.6,11.7,38.2
7,Jurong (West),2021,10,8,0.0,0.0,0.0,0.0,29.7,33.9,27.0,8.4,26.7
8,Jurong (West),2021,10,9,0.0,0.0,0.0,0.0,29.9,33.1,27.9,9.7,31.7
9,Jurong (West),2021,10,10,17.4,15.2,17.4,17.4,27.8,31.4,23.3,7.8,42.8
10,Jurong (West),2021,10,11,0.0,0.0,0.0,0.0,29.3,32.9,25.9,8.3,28.9
11,Jurong (West),2021,10,12,0.0,0.0,0.0,0.0,29.7,32.9,28.4,6.6,27.0
12,Jurong (West),2021,10,13,0.0,0.0,0.0,0.0,29.6,33.4,27.2,8.4,30.9
13,Jurong (West),2021,10,14,0.0,0.0,0.0,0.0,29.6,32.2,27.9,9.9,30.6
14,Jurong (West),2021,10,15,0.0,0.0,0.0,0.0,29.7,33.3,24.0,9.3,58.0
15,Jurong (West),2021,10,16,0.0,0.0,0.0,0.0,29.7,33.2,28.0,7.0,27.4
16,Jurong (West),2021,10,17,17.2,12.2,12.6,12.6,26.7,31.1,23.9,4.7,30.6
17,Jurong (West),2021,10,18,2.4,2.0,2.2,2.2,26.8,29.9,24.7,5.1,20.2
18,Jurong (West),2021,10,19,0.0,0.0,0.0,0.0,28.0,31.5,25.9,5.2,20.9
19,Jurong (West),2021,10,20,27.8,20.8,21.6,21.8,25.8,30.6,23.9,6.0,37.8
20,Jurong (West),2021,10,21,0.0,0.0,0.0,0.0,26.5,30.9,23.8,7.9,40.7
21,Jurong (West),2021,10,22,0.2,0.2,0.2,0.2,27.1,31.3,24.9,6.4,31.3
22,Jurong (West),2021,10,23,5.2,4.8,4.8,5.2,27.0,32.0,24.8,5.1,24.1
23,Jurong (West),2021,10,24,0.0,0.0,0.0,0.0,27.1,31.8,24.5,5.8,33.2
24,Jurong (West),2021,10,25,0.0,0.0,0.0,0.0,27.3,30.6,25.0,7.2,44.6
25,Jurong (West),2021,10,26,18.4,12.0,18.2,18.4,28.1,33.3,24.9,6.6,28.2
26,Jurong (West),2021,10,27,23.8,19.6,21.8,23.8,28.0,32.2,23.6,7.6,35.9
27,Jurong (West),2021,10,28,33.2,25.0,32.2,32.6,27.2,28.6,23.3,5.4,33.9
28,Jurong (West),2021,10,29,0.0,0.0,0.0,0.0,28.6,33.1,25.5,7.1,35.0
29,Jurong (West),2021,10,30,18.4,17.6,18.2,18.2,27.7,31.9,24.3,5.1,32.0
30,Jurong (West),2021,10,31,2.2,1.2,1.2,1.8,26.9,32.4,24.9,5.9,29.8
0,Jurong (West),2019,9,1,0.0,0.0,0.0,0.0,29.2,32.8,26.5,8.6,31.3
1,Jurong (West),2019,9,2,0.0,0.0,0.0,0.0,29.3,32.5,26.5,11.2,39.2
2,Jurong (West),2019,9,3,0.0,0.0,0.0,0.0,29.2,32.6,27.4,10.1,34.9
3,Jurong (West),2019,9,4,30.8,25.6,27.4,29.6,28.2,32.0,22.6,8.6,51.1
4,Jurong (West),2019,9,5,19.0,18.8,19.0,19.0,28.6,32.3,24.0,10.1,36.0
5,Jurong (West),2019,9,6,0.0,0.0,0.0,0.0,29.1,32.3,26.7,10.1,34.9
6,Jurong (West),2019,9,7,0.0,0.0,0.0,0.0,28.9,32.4,26.9,12.2,40.3
7,Jurong (West),2019,9,8,0.0,0.0,0.0,0.0,29.0,32.5,27.0,10.8,35.6
8,Jurong (West),2019,9,9,0.0,0.0,0.0,0.0,29.1,31.8,27.0,9.7,28.8
9,Jurong (West),2019,9,10,0.0,0.0,0.0,0.0,28.9,31.9,27.1,11.5,40.7
10,Jurong (West),2019,9,11,0.0,0.0,0.0,0.0,29.1,32.5,26.6,9.0,28.8
11,Jurong (West),2019,9,12,0.0,0.0,0.0,0.0,28.9,32.8,25.3,8.6,32.0
12,Jurong (West),2019,9,13,0.0,0.0,0.0,0.0,28.8,32.5,25.8,8.3,25.6
13,Jurong (West),2019,9,14,1.4,1.4,1.4,1.4,27.9,29.8,25.2,8.3,28.8
14,Jurong (West),2019,9,15,0.2,0.2,0.2,0.2,28.3,31.2,27.0,8.3,29.2
15,Jurong (West),2019,9,16,0.0,0.0,0.0,0.0,28.6,32.0,26.5,9.7,29.9
16,Jurong (West),2019,9,17,0.0,0.0,0.0,0.0,28.9,31.9,26.8,10.4,28.1
17,Jurong (West),2019,9,18,0.0,0.0,0.0,0.0,28.9,32.0,27.2,12.6,33.8
18,Jurong (West),2019,9,19,0.0,0.0,0.0,0.0,28.8,32.7,27.1,11.9,36.7
19,Jurong (West),2019,9,20,0.0,0.0,0.0,0.0,28.6,32.0,26.9,10.1,33.1
20,Jurong (West),2019,9,21,0.0,0.0,0.0,0.0,28.8,32.5,26.4,10.8,33.1
21,Jurong (West),2019,9,22,0.0,0.0,0.0,0.0,29.0,33.0,26.3,10.8,32.8
22,Jurong (West),2019,9,23,0.0,0.0,0.0,0.0,28.6,32.1,26.9,8.6,29.2
23,Jurong (West),2019,9,24,0.0,0.0,0.0,0.0,29.1,33.8,25.8,6.8,32.0
24,Jurong (West),2019,9,25,60.2,18.4,22.2,38.2,25.9,29.2,23.3,5.4,24.8
25,Jurong (West),2019,9,26,0.2,0.2,0.2,0.2,27.4,31.7,24.4,5.8,24.1
26,Jurong (West),2019,9,27,6.0,3.8,4.2,4.2,27.3,31.5,25.5,5.0,24.5
27,Jurong (West),2019,9,28,0.0,0.0,0.0,0.0,27.5,31.4,24.7,4.7,22.0
28,Jurong (West),2019,9,29,4.6,2.0,2.4,2.8,26.7,32.5,24.5,5.0,43.2
29,Jurong (West),2019,9,30,40.0,13.8,22.0,33.2,25.8,29.7,22.4,6.1,33.1
0,Jurong (West),2020,9,1,9.6,5.6,5.6,9.0,28.3,32.0,24.2,8.4,35.9
1,Jurong (West),2020,9,2,6.6,6.0,6.0,6.0,28.1,31.3,25.8,7.7,27.0
2,Jurong (West),2020,9,3,3.6,1.2,2.4,2.8,26.3,28.5,24.7,5.1,23.0
3,Jurong (West),2020,9,4,1.0,0.4,0.4,0.6,27.1,29.8,25.2,6.8,29.4
4,Jurong (West),2020,9,5,49.8,31.8,36.2,39.6,25.0,26.0,23.8,6.8,30.2
5,Jurong (West),2020,9,6,3.2,2.2,2.8,3.0,26.5,31.0,24.5,5.4,26.3
6,Jurong (West),2020,9,7,0.0,0.0,0.0,0.0,27.9,32.1,24.4,8.2,30.2
7,Jurong (West),2020,9,8,18.2,17.0,18.2,18.2,27.9,31.6,23.9,8.8,49.3
8,Jurong (West),2020,9,9,0.8,0.8,0.8,0.8,27.4,32.8,25.0,5.3,25.6
9,Jurong (West),2020,9,10,50.4,33.8,39.0,39.2,25.9,28.8,23.0,6.6,30.9
10,Jurong (West),2020,9,11,17.4,10.2,14.0,15.8,27.2,31.9,23.7,7.8,30.2
11,Jurong (West),2020,9,12,76.0,31.2,48.2,50.2,25.4,26.6,23.7,5.5,28.2
12,Jurong (West),2020,9,13,10.6,3.4,5.6,8.2,24.2,26.4,22.4,7.0,35.2
13,Jurong (West),2020,9,14,0.6,0.2,0.4,0.4,25.2,28.5,23.4,5.5,35.6
14,Jurong (West),2020,9,15,0.0,0.0,0.0,0.0,27.2,31.3,24.1,6.8,25.2
15,Jurong (West),2020,9,16,4.4,1.4,2.4,3.2,26.5,29.8,22.1,7.9,57.6
16,Jurong (West),2020,9,17,0.2,0.2,0.2,0.2,27.8,32.0,24.9,7.5,34.6
17,Jurong (West),2020,9,18,0.0,0.2,0.2,0.2,28.6,31.7,26.1,8.3,34.6
18,Jurong (West),2020,9,19,11.2,6.4,6.6,7.6,28.0,33.2,23.3,8.8,43.2
19,Jurong (West),2020,9,20,3.8,3.0,3.4,3.6,28.1,32.1,25.7,5.5,31.3
20,Jurong (West),2020,9,21,1.4,0.4,0.6,0.8,25.8,28.7,24.7,6.3,26.7
21,Jurong (West),2020,9,22,0.2,0.2,0.2,0.2,27.3,31.6,24.7,7.1,26.7
22,Jurong (West),2020,9,23,0.0,0.0,0.0,0.0,28.4,33.7,25.3,5.9,23.7
23,Jurong (West),2020,9,24,5.4,5.4,5.4,5.4,27.7,31.9,23.9,8.0,35.2
24,Jurong (West),2020,9,25,83.2,35.0,48.2,78.6,28.3,33.6,22.5,6.9,40.7
25,Jurong (West),2020,9,26,65.0,34.6,42.0,73.8,25.2,27.9,22.5,8.0,32.4
26,Jurong (West),2020,9,27,6.4,4.0,11.2,15.2,26.2,28.6,22.8,6.9,25.2
27,Jurong (West),2020,9,28,0.0,0.0,0.0,0.0,28.1,31.6,25.3,8.4,35.0
28,Jurong (West),2020,9,29,10.0,10.0,10.0,10.0,27.2,29.6,22.9,7.4,35.6
29,Jurong (West),2020,9,30,3.0,1.6,2.0,2.8,27.5,32.4,24.5,6.8,37.8
0,Jurong (West),2021,9,1,0.2,0.2,0.2,0.2,27.3,31.1,24.4,9.3,29.8
1,Jurong (West),2021,9,2,28.2,7.4,13.4,20.2,25.5,27.6,22.6,8.0,40.4
2,Jurong (West),2021,9,3,0.0,0.0,0.0,0.0,27.7,31.8,24.7,5.9,24.8
3,Jurong (West),2021,9,4,17.2,12.4,16.2,17.0,27.8,32.4,22.7,8.5,43.2
4,Jurong (West),2021,9,5,0.0,0.0,0.0,0.0,27.8,31.8,25.2,6.5,28.9
5,Jurong (West),2021,9,6,65.8,41.0,57.2,64.6,26.4,31.7,22.5,5.1,35.6
6,Jurong (West),2021,9,7,0.0,0.0,0.0,0.0,27.1,30.8,24.6,7.0,35.2
7,Jurong (West),2021,9,8,7.4,6.0,6.4,6.8,27.4,31.2,23.0,9.2,36.3
8,Jurong (West),2021,9,9,0.0,0.0,0.0,0.0,28.7,32.1,25.9,8.6,24.8
9,Jurong (West),2021,9,10,41.2,25.2,34.4,39.4,26.9,29.7,22.2,8.8,46.1
10,Jurong (West),2021,9,11,0.0,0.0,0.0,0.0,28.5,31.3,24.8,7.1,30.9
11,Jurong (West),2021,9,12,0.0,0.0,0.0,0.0,28.4,31.3,26.8,7.3,29.4
12,Jurong (West),2021,9,13,3.0,1.8,2.6,2.8,26.1,27.6,24.3,6.9,28.5
13,Jurong (West),2021,9,14,0.2,0.2,0.2,0.2,27.9,30.7,26.3,5.5,17.6
14,Jurong (West),2021,9,15,0.0,0.0,0.0,0.0,28.6,32.8,25.6,8.3,30.2
15,Jurong (West),2021,9,16,0.4,0.4,0.4,0.4,28.3,32.6,26.6,7.2,43.2
16,Jurong (West),2021,9,17,0.0,0.0,0.0,0.0,28.9,33.9,24.9,6.7,30.2
17,Jurong (West),2021,9,18,0.0,0.0,0.0,0.0,28.6,34.0,25.8,8.0,32.8
18,Jurong (West),2021,9,19,72.0,22.2,24.8,31.6,25.5,27.7,23.0,5.9,40.7
19,Jurong (West),2021,9,20,0.0,0.0,0.0,0.0,28.0,32.1,24.0,8.2,30.9
20,Jurong (West),2021,9,21,7.2,6.8,7.2,7.2,28.1,32.2,24.0,7.3,32.0
21,Jurong (West),2021,9,22,11.6,9.6,10.8,11.4,27.9,31.7,23.5,7.3,36.7
22,Jurong (West),2021,9,23,3.4,2.6,3.4,3.4,27.8,31.4,23.6,8.3,37.0
23,Jurong (West),2021,9,24,0.0,0.0,0.0,0.0,28.5,32.4,26.6,6.2,22.6
24,Jurong (West),2021,9,25,0.0,0.0,0.0,0.0,28.3,33.2,25.6,5.8,26.7
25,Jurong (West),2021,9,26,5.2,3.6,3.8,4.0,27.7,32.9,25.2,6.6,30.6
26,Jurong (West),2021,9,27,5.4,3.0,3.8,4.4,26.4,30.5,24.4,6.8,28.9
27,Jurong (West),2021,9,28,20.0,17.4,19.2,19.8,26.7,31.1,24.6,4.8,21.7
28,Jurong (West),2021,9,29,0.0,0.0,0.0,0.2,27.7,31.0,25.3,6.4,36.3
29,Jurong (West),2021,9,30,6.6,2.0,2.4,3.0,26.1,27.2,24.8,8.3,30.2
